,date,start,visitor,vscore,home,hscore,OT,attendance
1,Tue Oct 16 2018,8:00p,Philadelphia 76ers,87,Boston Celtics,105,,18624
2,Tue Oct 16 2018,10:30p,Oklahoma City Thunder,100,Golden State Warriors,108,,19596
3,Wed Oct 17 2018,7:00p,Milwaukee Bucks,113,Charlotte Hornets,112,,17889
4,Wed Oct 17 2018,7:00p,Brooklyn Nets,100,Detroit Pistons,103,,20332
5,Wed Oct 17 2018,7:00p,Memphis Grizzlies,83,Indiana Pacers,111,,17923
6,Wed Oct 17 2018,7:00p,Miami Heat,101,Orlando Magic,104,,19191
7,Wed Oct 17 2018,7:30p,Atlanta Hawks,107,New York Knicks,126,,18249
8,Wed Oct 17 2018,7:30p,Cleveland Cavaliers,104,Toronto Raptors,116,,19915
9,Wed Oct 17 2018,8:00p,New Orleans Pelicans,131,Houston Rockets,112,,18055
10,Wed Oct 17 2018,8:30p,Minnesota Timberwolves,108,San Antonio Spurs,112,,18354
11,Wed Oct 17 2018,10:00p,Utah Jazz,123,Sacramento Kings,117,,17583
12,Wed Oct 17 2018,10:30p,Denver Nuggets,107,Los Angeles Clippers,98,,19068
13,Wed Oct 17 2018,10:30p,Dallas Mavericks,100,Phoenix Suns,121,,18055
14,Thu Oct 18 2018,8:00p,Chicago Bulls,108,Philadelphia 76ers,127,,20302
15,Thu Oct 18 2018,8:00p,Miami Heat,113,Washington Wizards,112,,20409
16,Thu Oct 18 2018,10:30p,Los Angeles Lakers,119,Portland Trail Blazers,128,,19996
17,Fri Oct 19 2018,7:00p,Charlotte Hornets,120,Orlando Magic,88,,17668
18,Fri Oct 19 2018,7:30p,New York Knicks,105,Brooklyn Nets,107,,17732
19,Fri Oct 19 2018,8:00p,Atlanta Hawks,117,Memphis Grizzlies,131,,17019
20,Fri Oct 19 2018,8:00p,Cleveland Cavaliers,123,Minnesota Timberwolves,131,,18978
21,Fri Oct 19 2018,8:00p,Sacramento Kings,129,New Orleans Pelicans,149,,18337
22,Fri Oct 19 2018,8:00p,Boston Celtics,101,Toronto Raptors,113,,19800
23,Fri Oct 19 2018,8:30p,Indiana Pacers,101,Milwaukee Bucks,118,,17341
24,Fri Oct 19 2018,10:30p,Oklahoma City Thunder,92,Los Angeles Clippers,108,,14816
25,Fri Oct 19 2018,10:30p,Golden State Warriors,124,Utah Jazz,123,,18306
26,Sat Oct 20 2018,7:00p,Brooklyn Nets,112,Indiana Pacers,132,,17007
27,Sat Oct 20 2018,7:00p,Toronto Raptors,117,Washington Wizards,113,,16185
28,Sat Oct 20 2018,7:30p,Boston Celtics,103,New York Knicks,101,,19427
29,Sat Oct 20 2018,7:30p,Orlando Magic,115,Philadelphia 76ers,116,,20300
30,Sat Oct 20 2018,8:00p,Detroit Pistons,118,Chicago Bulls,116,,21289
31,Sat Oct 20 2018,8:00p,Charlotte Hornets,113,Miami Heat,112,,19600
32,Sat Oct 20 2018,8:30p,Minnesota Timberwolves,136,Dallas Mavericks,140,,20205
33,Sat Oct 20 2018,9:00p,Phoenix Suns,91,Denver Nuggets,119,,19592
34,Sat Oct 20 2018,10:00p,San Antonio Spurs,108,Portland Trail Blazers,121,,19461
35,Sat Oct 20 2018,10:30p,Houston Rockets,124,Los Angeles Lakers,115,,18997
36,Sun Oct 21 2018,6:00p,Atlanta Hawks,133,Cleveland Cavaliers,111,,19432
37,Sun Oct 21 2018,7:00p,Sacramento Kings,131,Oklahoma City Thunder,120,,18203
38,Sun Oct 21 2018,8:00p,Golden State Warriors,98,Denver Nuggets,100,,19520
39,Sun Oct 21 2018,9:00p,Houston Rockets,112,Los Angeles Clippers,115,,16149
40,Mon Oct 22 2018,7:30p,Orlando Magic,93,Boston Celtics,90,,18624
41,Mon Oct 22 2018,7:30p,Charlotte Hornets,106,Toronto Raptors,127,,19800
42,Mon Oct 22 2018,8:00p,New York Knicks,113,Milwaukee Bucks,124,,16228
43,Mon Oct 22 2018,8:00p,Indiana Pacers,91,Minnesota Timberwolves,101,,10371
44,Mon Oct 22 2018,8:30p,Chicago Bulls,109,Dallas Mavericks,115,,19291
45,Mon Oct 22 2018,9:00p,Memphis Grizzlies,92,Utah Jazz,84,,18306
46,Mon Oct 22 2018,10:00p,Washington Wizards,125,Portland Trail Blazers,124,OT,19187
47,Mon Oct 22 2018,10:30p,Phoenix Suns,103,Golden State Warriors,123,,19596
48,Mon Oct 22 2018,10:30p,San Antonio Spurs,143,Los Angeles Lakers,142,OT,18997
49,Tue Oct 23 2018,7:00p,Philadelphia 76ers,132,Detroit Pistons,133,OT,14418
50,Tue Oct 23 2018,8:00p,Los Angeles Clippers,109,New Orleans Pelicans,116,,14625
51,Tue Oct 23 2018,9:00p,Sacramento Kings,112,Denver Nuggets,126,,13214
52,Wed Oct 24 2018,7:00p,Dallas Mavericks,104,Atlanta Hawks,111,,16705
53,Wed Oct 24 2018,7:00p,Brooklyn Nets,102,Cleveland Cavaliers,86,,19432
54,Wed Oct 24 2018,7:30p,New York Knicks,87,Miami Heat,110,,19600
55,Wed Oct 24 2018,7:30p,Minnesota Timberwolves,105,Toronto Raptors,112,,19800
56,Wed Oct 24 2018,8:00p,Charlotte Hornets,110,Chicago Bulls,112,,19170
57,Wed Oct 24 2018,8:00p,Utah Jazz,100,Houston Rockets,89,,18055
58,Wed Oct 24 2018,8:30p,Indiana Pacers,116,San Antonio Spurs,96,,18354
59,Wed Oct 24 2018,9:30p,Philadelphia 76ers,108,Milwaukee Bucks,123,,17341
60,Wed Oct 24 2018,10:00p,Los Angeles Lakers,131,Phoenix Suns,113,,18055
61,Wed Oct 24 2018,10:00p,Memphis Grizzlies,92,Sacramento Kings,97,,14198
62,Wed Oct 24 2018,10:30p,Washington Wizards,122,Golden State Warriors,144,,19596
63,Thu Oct 25 2018,7:00p,Cleveland Cavaliers,103,Detroit Pistons,110,,15896
64,Thu Oct 25 2018,7:00p,Portland Trail Blazers,128,Orlando Magic,114,,15114
65,Thu Oct 25 2018,8:00p,Boston Celtics,101,Oklahoma City Thunder,95,,18203
66,Thu Oct 25 2018,10:30p,Denver Nuggets,114,Los Angeles Lakers,121,,18997
67,Fri Oct 26 2018,7:00p,Chicago Bulls,106,Charlotte Hornets,135,,15220
68,Fri Oct 26 2018,7:30p,Golden State Warriors,128,New York Knicks,100,,19812
69,Fri Oct 26 2018,7:30p,Dallas Mavericks,107,Toronto Raptors,116,,19800
70,Fri Oct 26 2018,8:00p,Los Angeles Clippers,133,Houston Rockets,113,,18055
71,Fri Oct 26 2018,8:00p,Milwaukee Bucks,125,Minnesota Timberwolves,95,,16334
72,Fri Oct 26 2018,8:00p,Brooklyn Nets,115,New Orleans Pelicans,117,,15272
73,Fri Oct 26 2018,10:00p,Washington Wizards,112,Sacramento Kings,116,,14101
74,Sat Oct 27 2018,7:00p,Boston Celtics,109,Detroit Pistons,89,,18120
75,Sat Oct 27 2018,7:00p,Utah Jazz,132,New Orleans Pelicans,111,,16373
76,Sat Oct 27 2018,7:30p,Chicago Bulls,97,Atlanta Hawks,85,,15549
77,Sat Oct 27 2018,7:30p,Indiana Pacers,119,Cleveland Cavaliers,107,,19432
78,Sat Oct 27 2018,7:30p,Charlotte Hornets,103,Philadelphia 76ers,105,,20203
79,Sat Oct 27 2018,8:00p,Phoenix Suns,96,Memphis Grizzlies,117,,15926
80,Sat Oct 27 2018,8:00p,Portland Trail Blazers,111,Miami Heat,120,,19600
81,Sat Oct 27 2018,8:30p,Orlando Magic,91,Milwaukee Bucks,113,,17341
82,Sat Oct 27 2018,8:30p,Los Angeles Lakers,106,San Antonio Spurs,110,,18589
83,Sun Oct 28 2018,5:00p,Golden State Warriors,120,Brooklyn Nets,114,,17732
84,Sun Oct 28 2018,7:00p,Utah Jazz,113,Dallas Mavericks,104,,19571
85,Sun Oct 28 2018,7:00p,Phoenix Suns,110,Oklahoma City Thunder,117,,18203
86,Sun Oct 28 2018,9:30p,Washington Wizards,104,Los Angeles Clippers,136,,16491
87,Mon Oct 29 2018,7:00p,Portland Trail Blazers,103,Indiana Pacers,93,,15788
88,Mon Oct 29 2018,7:00p,Atlanta Hawks,92,Philadelphia 76ers,113,,20269
89,Mon Oct 29 2018,7:30p,Sacramento Kings,123,Miami Heat,113,,19600
90,Mon Oct 29 2018,7:30p,Brooklyn Nets,96,New York Knicks,115,,19221
91,Mon Oct 29 2018,8:00p,Golden State Warriors,149,Chicago Bulls,124,,21076
92,Mon Oct 29 2018,8:00p,Toronto Raptors,109,Milwaukee Bucks,124,,17341
93,Mon Oct 29 2018,8:00p,Los Angeles Lakers,120,Minnesota Timberwolves,124,,18978
94,Mon Oct 29 2018,8:30p,Dallas Mavericks,108,San Antonio Spurs,113,OT,18354
95,Mon Oct 29 2018,9:00p,New Orleans Pelicans,111,Denver Nuggets,116,,15217
96,Tue Oct 30 2018,7:00p,Miami Heat,113,Charlotte Hornets,125,,14117
97,Tue Oct 30 2018,7:00p,Atlanta Hawks,114,Cleveland Cavaliers,136,,19432
98,Tue Oct 30 2018,7:00p,Sacramento Kings,107,Orlando Magic,99,,15074
99,Tue Oct 30 2018,7:30p,Detroit Pistons,105,Boston Celtics,108,,18624
100,Tue Oct 30 2018,7:30p,Philadelphia 76ers,112,Toronto Raptors,129,,19800
101,Tue Oct 30 2018,8:00p,Portland Trail Blazers,104,Houston Rockets,85,,18055
102,Tue Oct 30 2018,8:00p,Washington Wizards,95,Memphis Grizzlies,107,,14106
103,Tue Oct 30 2018,8:00p,Los Angeles Clippers,110,Oklahoma City Thunder,128,,18203
104,Wed Oct 31 2018,7:30p,Detroit Pistons,119,Brooklyn Nets,120,OT,12862
105,Wed Oct 31 2018,8:00p,Denver Nuggets,108,Chicago Bulls,107,OT,19027
106,Wed Oct 31 2018,8:00p,Utah Jazz,125,Minnesota Timberwolves,128,,10079
107,Wed Oct 31 2018,8:00p,Indiana Pacers,107,New York Knicks,101,,18295
108,Wed Oct 31 2018,10:30p,New Orleans Pelicans,121,Golden State Warriors,131,,19596
109,Wed Oct 31 2018,10:30p,Dallas Mavericks,113,Los Angeles Lakers,114,,18997
110,Wed Oct 31 2018,10:30p,San Antonio Spurs,120,Phoenix Suns,90,,12328
111,Thu Nov 1 2018,7:00p,Oklahoma City Thunder,111,Charlotte Hornets,107,,14583
112,Thu Nov 1 2018,7:00p,Denver Nuggets,110,Cleveland Cavaliers,91,,19432
113,Thu Nov 1 2018,7:00p,Los Angeles Clippers,113,Philadelphia 76ers,122,,20246
114,Thu Nov 1 2018,7:30p,Sacramento Kings,146,Atlanta Hawks,115,,12095
115,Thu Nov 1 2018,8:00p,Milwaukee Bucks,113,Boston Celtics,117,,18624
116,Thu Nov 1 2018,10:30p,New Orleans Pelicans,119,Portland Trail Blazers,132,,18921
117,Fri Nov 2 2018,7:00p,Los Angeles Clippers,120,Orlando Magic,95,,15953
118,Fri Nov 2 2018,7:30p,Houston Rockets,119,Brooklyn Nets,111,,14013
119,Fri Nov 2 2018,8:00p,Indiana Pacers,107,Chicago Bulls,105,,19704
120,Fri Nov 2 2018,8:00p,Oklahoma City Thunder,134,Washington Wizards,111,,20409
121,Fri Nov 2 2018,8:30p,New York Knicks,118,Dallas Mavericks,106,,20008
122,Fri Nov 2 2018,9:00p,Memphis Grizzlies,110,Utah Jazz,100,,18306
123,Fri Nov 2 2018,10:00p,Toronto Raptors,107,Phoenix Suns,98,,15843
124,Fri Nov 2 2018,10:30p,Minnesota Timberwolves,99,Golden State Warriors,116,,19596
125,Sat Nov 3 2018,1:00p,Detroit Pistons,99,Philadelphia 76ers,109,,20289
126,Sat Nov 3 2018,7:00p,Cleveland Cavaliers,94,Charlotte Hornets,126,,16221
127,Sat Nov 3 2018,7:00p,Boston Celtics,101,Indiana Pacers,102,,17505
128,Sat Nov 3 2018,7:30p,Miami Heat,118,Atlanta Hawks,123,,16303
129,Sat Nov 3 2018,8:00p,Houston Rockets,96,Chicago Bulls,88,,20505
130,Sat Nov 3 2018,8:30p,New Orleans Pelicans,95,San Antonio Spurs,109,,18354
131,Sat Nov 3 2018,9:00p,Utah Jazz,88,Denver Nuggets,103,,19520
132,Sat Nov 3 2018,10:00p,Los Angeles Lakers,114,Portland Trail Blazers,110,,19848
133,Sun Nov 4 2018,3:30p,Sacramento Kings,109,Milwaukee Bucks,144,,17341
134,Sun Nov 4 2018,6:00p,Philadelphia 76ers,97,Brooklyn Nets,122,,12826
135,Sun Nov 4 2018,6:00p,New York Knicks,95,Washington Wizards,108,,16679
136,Sun Nov 4 2018,7:00p,Orlando Magic,117,San Antonio Spurs,110,,18354
137,Sun Nov 4 2018,8:00p,Memphis Grizzlies,100,Phoenix Suns,102,,13074
138,Sun Nov 4 2018,9:00p,Minnesota Timberwolves,81,Portland Trail Blazers,111,,19522
139,Sun Nov 4 2018,9:30p,Toronto Raptors,121,Los Angeles Lakers,107,,18997
140,Mon Nov 5 2018,7:00p,Miami Heat,120,Detroit Pistons,115,OT,14148
141,Mon Nov 5 2018,7:00p,Houston Rockets,98,Indiana Pacers,94,,14735
142,Mon Nov 5 2018,7:00p,Cleveland Cavaliers,100,Orlando Magic,102,,15009
143,Mon Nov 5 2018,7:30p,Chicago Bulls,116,New York Knicks,115,2OT,19812
144,Mon Nov 5 2018,8:00p,New Orleans Pelicans,116,Oklahoma City Thunder,122,,18203
145,Mon Nov 5 2018,9:00p,Boston Celtics,107,Denver Nuggets,115,,19520
146,Mon Nov 5 2018,9:00p,Toronto Raptors,124,Utah Jazz,111,,18306
147,Mon Nov 5 2018,10:30p,Memphis Grizzlies,101,Golden State Warriors,117,,19596
148,Mon Nov 5 2018,10:30p,Minnesota Timberwolves,109,Los Angeles Clippers,120,,16564
149,Tue Nov 6 2018,7:00p,Atlanta Hawks,102,Charlotte Hornets,113,,13955
150,Tue Nov 6 2018,8:30p,Washington Wizards,100,Dallas Mavericks,119,,19234
151,Tue Nov 6 2018,9:00p,Brooklyn Nets,104,Phoenix Suns,82,,14205
152,Tue Nov 6 2018,10:00p,Milwaukee Bucks,103,Portland Trail Blazers,118,,19512
153,Wed Nov 7 2018,7:00p,Oklahoma City Thunder,95,Cleveland Cavaliers,86,,19432
154,Wed Nov 7 2018,7:00p,Detroit Pistons,103,Orlando Magic,96,,16103
155,Wed Nov 7 2018,7:30p,New York Knicks,112,Atlanta Hawks,107,,12412
156,Wed Nov 7 2018,7:30p,San Antonio Spurs,88,Miami Heat,95,,19600
157,Wed Nov 7 2018,8:00p,Philadelphia 76ers,100,Indiana Pacers,94,,16434
158,Wed Nov 7 2018,8:00p,Denver Nuggets,87,Memphis Grizzlies,89,,15832
159,Wed Nov 7 2018,8:00p,Chicago Bulls,98,New Orleans Pelicans,107,,15514
160,Wed Nov 7 2018,9:00p,Dallas Mavericks,102,Utah Jazz,117,,18306
161,Wed Nov 7 2018,10:00p,Toronto Raptors,114,Sacramento Kings,105,,17583
162,Wed Nov 7 2018,10:30p,Minnesota Timberwolves,110,Los Angeles Lakers,114,,18997
163,Thu Nov 8 2018,8:00p,Houston Rockets,80,Oklahoma City Thunder,98,,18203
164,Thu Nov 8 2018,9:00p,Boston Celtics,116,Phoenix Suns,109,OT,17359
165,Thu Nov 8 2018,10:00p,Los Angeles Clippers,105,Portland Trail Blazers,116,,19170
166,Thu Nov 8 2018,10:30p,Milwaukee Bucks,134,Golden State Warriors,111,,19596
167,Fri Nov 9 2018,7:00p,Washington Wizards,108,Orlando Magic,117,,16562
168,Fri Nov 9 2018,7:00p,Charlotte Hornets,132,Philadelphia 76ers,133,OT,20424
169,Fri Nov 9 2018,7:30p,Detroit Pistons,124,Atlanta Hawks,109,,14759
170,Fri Nov 9 2018,8:00p,Indiana Pacers,110,Miami Heat,102,,19600
171,Fri Nov 9 2018,9:00p,Brooklyn Nets,112,Denver Nuggets,110,,19520
172,Fri Nov 9 2018,9:30p,Boston Celtics,115,Utah Jazz,123,,18306
173,Fri Nov 9 2018,10:00p,Minnesota Timberwolves,110,Sacramento Kings,121,,17583
174,Sat Nov 10 2018,3:00p,New York Knicks,112,Toronto Raptors,128,,19800
175,Sat Nov 10 2018,3:30p,Milwaukee Bucks,126,Los Angeles Clippers,128,OT,17486
176,Sat Nov 10 2018,7:00p,Phoenix Suns,99,New Orleans Pelicans,119,,15222
177,Sat Nov 10 2018,8:00p,Cleveland Cavaliers,98,Chicago Bulls,99,,21506
178,Sat Nov 10 2018,8:00p,Philadelphia 76ers,106,Memphis Grizzlies,112,OT,16904
179,Sat Nov 10 2018,8:00p,Washington Wizards,116,Miami Heat,110,,19600
180,Sat Nov 10 2018,8:30p,Brooklyn Nets,100,Golden State Warriors,116,,19596
181,Sat Nov 10 2018,8:30p,Houston Rockets,89,San Antonio Spurs,96,,18354
182,Sat Nov 10 2018,9:00p,Oklahoma City Thunder,96,Dallas Mavericks,111,,19818
183,Sat Nov 10 2018,10:00p,Los Angeles Lakers,101,Sacramento Kings,86,,17583
184,Sun Nov 11 2018,3:30p,Charlotte Hornets,113,Detroit Pistons,103,,15133
185,Sun Nov 11 2018,7:00p,Indiana Pacers,103,Houston Rockets,115,,18055
186,Sun Nov 11 2018,7:30p,Orlando Magic,115,New York Knicks,89,,19812
187,Sun Nov 11 2018,8:00p,Milwaukee Bucks,121,Denver Nuggets,114,,19520
188,Sun Nov 11 2018,9:00p,Boston Celtics,94,Portland Trail Blazers,100,,19712
189,Sun Nov 11 2018,9:30p,Atlanta Hawks,106,Los Angeles Lakers,107,,18997
190,Mon Nov 12 2018,7:00p,Orlando Magic,109,Washington Wizards,117,,15346
191,Mon Nov 12 2018,7:30p,Philadelphia 76ers,124,Miami Heat,114,,19600
192,Mon Nov 12 2018,7:30p,New Orleans Pelicans,126,Toronto Raptors,110,,19800
193,Mon Nov 12 2018,8:00p,Dallas Mavericks,103,Chicago Bulls,98,,19012
194,Mon Nov 12 2018,8:00p,Utah Jazz,96,Memphis Grizzlies,88,,13477
195,Mon Nov 12 2018,8:00p,Brooklyn Nets,113,Minnesota Timberwolves,120,,10186
196,Mon Nov 12 2018,8:00p,Phoenix Suns,101,Oklahoma City Thunder,118,,18203
197,Mon Nov 12 2018,10:00p,San Antonio Spurs,99,Sacramento Kings,104,,15500
198,Mon Nov 12 2018,10:30p,Golden State Warriors,116,Los Angeles Clippers,121,OT,19068
199,Tue Nov 13 2018,7:00p,Charlotte Hornets,89,Cleveland Cavaliers,113,,19432
200,Tue Nov 13 2018,9:00p,Houston Rockets,109,Denver Nuggets,99,,16741
201,Tue Nov 13 2018,10:30p,Atlanta Hawks,103,Golden State Warriors,110,,19596
202,Wed Nov 14 2018,7:00p,Philadelphia 76ers,106,Orlando Magic,111,,15921
203,Wed Nov 14 2018,7:00p,Cleveland Cavaliers,95,Washington Wizards,119,,14537
204,Wed Nov 14 2018,7:30p,Chicago Bulls,82,Boston Celtics,111,,18624
205,Wed Nov 14 2018,7:30p,Miami Heat,120,Brooklyn Nets,107,,13317
206,Wed Nov 14 2018,7:30p,Detroit Pistons,106,Toronto Raptors,104,,19800
207,Wed Nov 14 2018,8:00p,Memphis Grizzlies,116,Milwaukee Bucks,113,,16817
208,Wed Nov 14 2018,8:00p,New Orleans Pelicans,100,Minnesota Timberwolves,107,,11636
209,Wed Nov 14 2018,8:00p,New York Knicks,103,Oklahoma City Thunder,128,,18203
210,Wed Nov 14 2018,8:30p,Utah Jazz,68,Dallas Mavericks,118,,19371
211,Wed Nov 14 2018,9:00p,San Antonio Spurs,96,Phoenix Suns,116,,14532
212,Wed Nov 14 2018,10:30p,Portland Trail Blazers,117,Los Angeles Lakers,126,,18997
213,Thu Nov 15 2018,8:00p,Golden State Warriors,86,Houston Rockets,107,,18055
214,Thu Nov 15 2018,9:00p,Atlanta Hawks,93,Denver Nuggets,138,,15103
215,Thu Nov 15 2018,10:30p,San Antonio Spurs,111,Los Angeles Clippers,116,,17463
216,Fri Nov 16 2018,7:00p,Toronto Raptors,116,Boston Celtics,123,OT,18624
217,Fri Nov 16 2018,7:00p,Miami Heat,91,Indiana Pacers,99,,17923
218,Fri Nov 16 2018,7:00p,Utah Jazz,107,Philadelphia 76ers,113,,20485
219,Fri Nov 16 2018,7:00p,Brooklyn Nets,115,Washington Wizards,104,,15102
220,Fri Nov 16 2018,8:00p,Sacramento Kings,104,Memphis Grizzlies,112,,13811
221,Fri Nov 16 2018,8:00p,Portland Trail Blazers,96,Minnesota Timberwolves,112,,18978
222,Fri Nov 16 2018,8:00p,New York Knicks,124,New Orleans Pelicans,129,,14717
223,Fri Nov 16 2018,9:30p,Chicago Bulls,104,Milwaukee Bucks,123,,17341
224,Sat Nov 17 2018,6:00p,Los Angeles Clippers,127,Brooklyn Nets,119,,12944
225,Sat Nov 17 2018,7:00p,Philadelphia 76ers,122,Charlotte Hornets,119,OT,19426
226,Sat Nov 17 2018,7:00p,Atlanta Hawks,89,Indiana Pacers,97,,17491
227,Sat Nov 17 2018,7:00p,Denver Nuggets,115,New Orleans Pelicans,125,,15408
228,Sat Nov 17 2018,7:00p,Los Angeles Lakers,117,Orlando Magic,130,,19249
229,Sat Nov 17 2018,7:30p,Utah Jazz,98,Boston Celtics,86,,18624
230,Sat Nov 17 2018,8:00p,Toronto Raptors,122,Chicago Bulls,83,,21263
231,Sat Nov 17 2018,8:00p,Sacramento Kings,112,Houston Rockets,132,,18055
232,Sat Nov 17 2018,8:30p,Golden State Warriors,109,Dallas Mavericks,112,,20260
233,Sat Nov 17 2018,9:00p,Oklahoma City Thunder,110,Phoenix Suns,100,,16376
234,Sun Nov 18 2018,3:30p,Memphis Grizzlies,100,Minnesota Timberwolves,87,,13179
235,Sun Nov 18 2018,6:00p,Los Angeles Lakers,113,Miami Heat,97,,19686
236,Sun Nov 18 2018,6:00p,New York Knicks,117,Orlando Magic,131,,15898
237,Sun Nov 18 2018,6:00p,Portland Trail Blazers,119,Washington Wizards,109,,16647
238,Sun Nov 18 2018,7:00p,Golden State Warriors,92,San Antonio Spurs,104,,18354
239,Mon Nov 19 2018,7:00p,Boston Celtics,112,Charlotte Hornets,117,,18040
240,Mon Nov 19 2018,7:00p,Cleveland Cavaliers,102,Detroit Pistons,113,,15769
241,Mon Nov 19 2018,7:00p,Utah Jazz,94,Indiana Pacers,121,,17000
242,Mon Nov 19 2018,7:00p,Phoenix Suns,114,Philadelphia 76ers,119,,20459
243,Mon Nov 19 2018,7:30p,Los Angeles Clippers,127,Atlanta Hawks,119,,14323
244,Mon Nov 19 2018,8:00p,Dallas Mavericks,88,Memphis Grizzlies,98,,15997
245,Mon Nov 19 2018,8:00p,Denver Nuggets,98,Milwaukee Bucks,104,,17341
246,Mon Nov 19 2018,8:00p,San Antonio Spurs,126,New Orleans Pelicans,140,,14675
247,Mon Nov 19 2018,10:00p,Oklahoma City Thunder,113,Sacramento Kings,117,,16250
248,Tue Nov 20 2018,7:00p,Toronto Raptors,93,Orlando Magic,91,,16016
249,Tue Nov 20 2018,7:00p,Los Angeles Clippers,118,Washington Wizards,125,,14499
250,Tue Nov 20 2018,7:30p,Brooklyn Nets,104,Miami Heat,92,,19600
251,Tue Nov 20 2018,7:30p,Portland Trail Blazers,118,New York Knicks,114,,19812
252,Wed Nov 21 2018,7:00p,Indiana Pacers,109,Charlotte Hornets,127,,15913
253,Wed Nov 21 2018,7:00p,New Orleans Pelicans,120,Philadelphia 76ers,121,,20352
254,Wed Nov 21 2018,7:30p,Toronto Raptors,124,Atlanta Hawks,108,,15058
255,Wed Nov 21 2018,7:30p,New York Knicks,117,Boston Celtics,109,,18624
256,Wed Nov 21 2018,8:00p,Phoenix Suns,116,Chicago Bulls,124,,19014
257,Wed Nov 21 2018,8:00p,Los Angeles Lakers,109,Cleveland Cavaliers,105,,19432
258,Wed Nov 21 2018,8:00p,Detroit Pistons,124,Houston Rockets,126,,18055
259,Wed Nov 21 2018,8:00p,Portland Trail Blazers,100,Milwaukee Bucks,143,,17591
260,Wed Nov 21 2018,8:00p,Denver Nuggets,103,Minnesota Timberwolves,101,,15086
261,Wed Nov 21 2018,8:30p,Brooklyn Nets,113,Dallas Mavericks,119,,19926
262,Wed Nov 21 2018,8:30p,Memphis Grizzlies,104,San Antonio Spurs,103,,18354
263,Wed Nov 21 2018,9:00p,Sacramento Kings,119,Utah Jazz,110,,18306
264,Wed Nov 21 2018,10:30p,Oklahoma City Thunder,123,Golden State Warriors,95,,19596
265,Fri Nov 23 2018,12:00p,Minnesota Timberwolves,112,Brooklyn Nets,102,,12814
266,Fri Nov 23 2018,3:30p,Memphis Grizzlies,107,Los Angeles Clippers,112,OT,15418
267,Fri Nov 23 2018,7:00p,Houston Rockets,111,Detroit Pistons,116,OT,17268
268,Fri Nov 23 2018,7:30p,Boston Celtics,114,Atlanta Hawks,96,,15017
269,Fri Nov 23 2018,7:30p,New Orleans Pelicans,109,New York Knicks,114,,18948
270,Fri Nov 23 2018,7:30p,Cleveland Cavaliers,121,Philadelphia 76ers,112,,20524
271,Fri Nov 23 2018,7:30p,Washington Wizards,107,Toronto Raptors,125,,19800
272,Fri Nov 23 2018,8:00p,Miami Heat,103,Chicago Bulls,96,,20935
273,Fri Nov 23 2018,8:00p,San Antonio Spurs,111,Indiana Pacers,100,,17262
274,Fri Nov 23 2018,8:00p,Charlotte Hornets,104,Oklahoma City Thunder,109,,18203
275,Fri Nov 23 2018,8:30p,Phoenix Suns,116,Milwaukee Bucks,114,,17852
276,Fri Nov 23 2018,9:00p,Orlando Magic,87,Denver Nuggets,112,,19520
277,Fri Nov 23 2018,10:30p,Portland Trail Blazers,97,Golden State Warriors,125,,19596
278,Fri Nov 23 2018,10:30p,Utah Jazz,83,Los Angeles Lakers,90,,18997
279,Sat Nov 24 2018,7:30p,Houston Rockets,108,Cleveland Cavaliers,117,,19432
280,Sat Nov 24 2018,8:00p,Chicago Bulls,96,Minnesota Timberwolves,111,,17119
281,Sat Nov 24 2018,8:00p,Denver Nuggets,105,Oklahoma City Thunder,98,,18203
282,Sat Nov 24 2018,8:00p,New Orleans Pelicans,114,Washington Wizards,124,,15165
283,Sat Nov 24 2018,8:30p,Boston Celtics,104,Dallas Mavericks,113,,20226
284,Sat Nov 24 2018,8:30p,Sacramento Kings,116,Golden State Warriors,117,,19596
285,Sat Nov 24 2018,8:30p,San Antonio Spurs,129,Milwaukee Bucks,135,,17559
286,Sun Nov 25 2018,3:30p,Orlando Magic,108,Los Angeles Lakers,104,,18997
287,Sun Nov 25 2018,4:00p,Phoenix Suns,107,Detroit Pistons,118,,14413
288,Sun Nov 25 2018,6:00p,Charlotte Hornets,123,Atlanta Hawks,124,,12977
289,Sun Nov 25 2018,6:00p,Philadelphia 76ers,127,Brooklyn Nets,125,,15217
290,Sun Nov 25 2018,6:00p,New York Knicks,103,Memphis Grizzlies,98,,14331
291,Sun Nov 25 2018,6:00p,Miami Heat,115,Toronto Raptors,125,,19800
292,Sun Nov 25 2018,8:00p,Utah Jazz,133,Sacramento Kings,112,,16048
293,Sun Nov 25 2018,9:00p,Los Angeles Clippers,104,Portland Trail Blazers,100,,19138
294,Mon Nov 26 2018,7:00p,Milwaukee Bucks,107,Charlotte Hornets,110,,13805
295,Mon Nov 26 2018,7:00p,Minnesota Timberwolves,102,Cleveland Cavaliers,95,,19432
296,Mon Nov 26 2018,7:00p,Houston Rockets,131,Washington Wizards,135,OT,16872
297,Mon Nov 26 2018,8:00p,San Antonio Spurs,108,Chicago Bulls,107,,19006
298,Mon Nov 26 2018,8:00p,Boston Celtics,124,New Orleans Pelicans,107,,15189
299,Mon Nov 26 2018,9:00p,Indiana Pacers,121,Utah Jazz,88,,18306
300,Mon Nov 26 2018,10:30p,Orlando Magic,110,Golden State Warriors,116,,19596
301,Tue Nov 27 2018,7:00p,New York Knicks,108,Detroit Pistons,115,,13935
302,Tue Nov 27 2018,7:30p,Atlanta Hawks,115,Miami Heat,113,,19600
303,Tue Nov 27 2018,8:00p,Toronto Raptors,122,Memphis Grizzlies,114,,14187
304,Tue Nov 27 2018,9:00p,Los Angeles Lakers,85,Denver Nuggets,117,,19583
305,Tue Nov 27 2018,9:00p,Indiana Pacers,109,Phoenix Suns,104,,13038
306,Wed Nov 28 2018,7:00p,Atlanta Hawks,94,Charlotte Hornets,108,,12971
307,Wed Nov 28 2018,7:00p,New York Knicks,91,Philadelphia 76ers,117,,20274
308,Wed Nov 28 2018,7:30p,Utah Jazz,101,Brooklyn Nets,91,,12928
309,Wed Nov 28 2018,8:00p,Dallas Mavericks,128,Houston Rockets,108,,18055
310,Wed Nov 28 2018,8:00p,Chicago Bulls,113,Milwaukee Bucks,116,,16660
311,Wed Nov 28 2018,8:00p,San Antonio Spurs,89,Minnesota Timberwolves,128,,11023
312,Wed Nov 28 2018,8:00p,Washington Wizards,104,New Orleans Pelicans,125,,13570
313,Wed Nov 28 2018,8:00p,Cleveland Cavaliers,83,Oklahoma City Thunder,100,,18203
314,Wed Nov 28 2018,10:00p,Orlando Magic,112,Portland Trail Blazers,115,,18865
315,Wed Nov 28 2018,10:30p,Phoenix Suns,99,Los Angeles Clippers,115,,16372
316,Thu Nov 29 2018,8:00p,Golden State Warriors,128,Toronto Raptors,131,OT,20073
317,Thu Nov 29 2018,10:30p,Indiana Pacers,96,Los Angeles Lakers,104,,18997
318,Thu Nov 29 2018,10:30p,Los Angeles Clippers,133,Sacramento Kings,121,,17583
319,Fri Nov 30 2018,7:00p,Cleveland Cavaliers,95,Boston Celtics,128,,18624
320,Fri Nov 30 2018,7:00p,Utah Jazz,119,Charlotte Hornets,111,,15812
321,Fri Nov 30 2018,7:00p,Chicago Bulls,88,Detroit Pistons,107,,15372
322,Fri Nov 30 2018,7:00p,Washington Wizards,98,Philadelphia 76ers,123,,20400
323,Fri Nov 30 2018,7:30p,Memphis Grizzlies,131,Brooklyn Nets,125,2OT,12983
324,Fri Nov 30 2018,8:00p,New Orleans Pelicans,101,Miami Heat,106,,19600
325,Fri Nov 30 2018,8:00p,Atlanta Hawks,109,Oklahoma City Thunder,124,,18203
326,Fri Nov 30 2018,8:00p,Houston Rockets,136,San Antonio Spurs,105,,18354
327,Fri Nov 30 2018,9:00p,Orlando Magic,99,Phoenix Suns,85,,13228
328,Fri Nov 30 2018,10:30p,Dallas Mavericks,103,Los Angeles Lakers,114,,18997
329,Fri Nov 30 2018,10:30p,Denver Nuggets,113,Portland Trail Blazers,112,,19459
330,Sat Dec 1 2018,5:00p,Milwaukee Bucks,134,New York Knicks,136,OT,19812
331,Sat Dec 1 2018,7:00p,Golden State Warriors,102,Detroit Pistons,111,,20332
332,Sat Dec 1 2018,7:00p,Brooklyn Nets,88,Washington Wizards,102,,15448
333,Sat Dec 1 2018,8:00p,Toronto Raptors,106,Cleveland Cavaliers,95,,19432
334,Sat Dec 1 2018,8:00p,Chicago Bulls,105,Houston Rockets,121,,18055
335,Sat Dec 1 2018,8:00p,Boston Celtics,118,Minnesota Timberwolves,109,,17663
336,Sat Dec 1 2018,10:00p,Indiana Pacers,110,Sacramento Kings,111,,17583
337,Sun Dec 2 2018,3:30p,Phoenix Suns,96,Los Angeles Lakers,120,,18997
338,Sun Dec 2 2018,5:00p,New Orleans Pelicans,119,Charlotte Hornets,109,,15336
339,Sun Dec 2 2018,6:00p,Utah Jazz,100,Miami Heat,102,,19600
340,Sun Dec 2 2018,6:00p,Memphis Grizzlies,95,Philadelphia 76ers,103,,20334
341,Sun Dec 2 2018,7:00p,Los Angeles Clippers,110,Dallas Mavericks,114,,19551
342,Sun Dec 2 2018,7:00p,Portland Trail Blazers,118,San Antonio Spurs,131,,18354
343,Mon Dec 3 2018,7:00p,Oklahoma City Thunder,110,Detroit Pistons,83,,14372
344,Mon Dec 3 2018,7:30p,Golden State Warriors,128,Atlanta Hawks,111,,16631
345,Mon Dec 3 2018,7:30p,Cleveland Cavaliers,99,Brooklyn Nets,97,,10983
346,Mon Dec 3 2018,7:30p,Washington Wizards,110,New York Knicks,107,,19440
347,Mon Dec 3 2018,7:30p,Denver Nuggets,106,Toronto Raptors,103,,19800
348,Mon Dec 3 2018,8:00p,Houston Rockets,91,Minnesota Timberwolves,103,,13834
349,Mon Dec 3 2018,8:00p,Los Angeles Clippers,129,New Orleans Pelicans,126,,13822
350,Tue Dec 4 2018,7:00p,Chicago Bulls,90,Indiana Pacers,96,,16446
351,Tue Dec 4 2018,7:30p,Orlando Magic,105,Miami Heat,90,,19600
352,Tue Dec 4 2018,8:30p,Portland Trail Blazers,102,Dallas Mavericks,111,,19341
353,Tue Dec 4 2018,9:00p,Sacramento Kings,122,Phoenix Suns,105,,12977
354,Tue Dec 4 2018,9:00p,San Antonio Spurs,105,Utah Jazz,139,,18306
355,Wed Dec 5 2018,7:00p,Golden State Warriors,129,Cleveland Cavaliers,105,,19432
356,Wed Dec 5 2018,7:00p,Denver Nuggets,124,Orlando Magic,118,OT,16636
357,Wed Dec 5 2018,7:30p,Washington Wizards,131,Atlanta Hawks,117,,12551
358,Wed Dec 5 2018,7:30p,Oklahoma City Thunder,114,Brooklyn Nets,112,,13161
359,Wed Dec 5 2018,8:00p,Los Angeles Clippers,86,Memphis Grizzlies,96,,14144
360,Wed Dec 5 2018,8:00p,Detroit Pistons,92,Milwaukee Bucks,115,,16541
361,Wed Dec 5 2018,8:00p,Charlotte Hornets,104,Minnesota Timberwolves,121,,11248
362,Wed Dec 5 2018,8:00p,Dallas Mavericks,106,New Orleans Pelicans,132,,14810
363,Wed Dec 5 2018,8:00p,Philadelphia 76ers,102,Toronto Raptors,113,,19800
364,Wed Dec 5 2018,10:30p,San Antonio Spurs,113,Los Angeles Lakers,121,,18997
365,Thu Dec 6 2018,8:00p,New York Knicks,100,Boston Celtics,128,,18624
366,Thu Dec 6 2018,10:00p,Phoenix Suns,86,Portland Trail Blazers,108,,19001
367,Thu Dec 6 2018,10:30p,Houston Rockets,91,Utah Jazz,118,,18306
368,Fri Dec 7 2018,7:00p,Denver Nuggets,107,Charlotte Hornets,113,,13755
369,Fri Dec 7 2018,7:00p,Philadelphia 76ers,117,Detroit Pistons,111,,15680
370,Fri Dec 7 2018,7:00p,Indiana Pacers,112,Orlando Magic,90,,17214
371,Fri Dec 7 2018,7:30p,Toronto Raptors,105,Brooklyn Nets,106,OT,14035
372,Fri Dec 7 2018,7:30p,Sacramento Kings,129,Cleveland Cavaliers,110,,19432
373,Fri Dec 7 2018,8:00p,Oklahoma City Thunder,112,Chicago Bulls,114,,19842
374,Fri Dec 7 2018,8:00p,Memphis Grizzlies,107,New Orleans Pelicans,103,,18447
375,Fri Dec 7 2018,8:30p,Los Angeles Lakers,120,San Antonio Spurs,133,,18354
376,Fri Dec 7 2018,9:00p,Miami Heat,115,Phoenix Suns,98,,14273
377,Fri Dec 7 2018,9:30p,Golden State Warriors,105,Milwaukee Bucks,95,,17852
378,Sat Dec 8 2018,6:00p,Houston Rockets,104,Dallas Mavericks,107,,20254
379,Sat Dec 8 2018,7:00p,Sacramento Kings,97,Indiana Pacers,107,,16867
380,Sat Dec 8 2018,7:30p,Denver Nuggets,98,Atlanta Hawks,106,,14409
381,Sat Dec 8 2018,7:30p,Washington Wizards,101,Cleveland Cavaliers,116,,19432
382,Sat Dec 8 2018,7:30p,Brooklyn Nets,112,New York Knicks,104,,18662
383,Sat Dec 8 2018,8:00p,Boston Celtics,133,Chicago Bulls,77,,20923
384,Sat Dec 8 2018,8:00p,Los Angeles Lakers,111,Memphis Grizzlies,88,,17794
385,Sat Dec 8 2018,10:00p,Minnesota Timberwolves,105,Portland Trail Blazers,113,,19359
386,Sat Dec 8 2018,10:30p,Miami Heat,121,Los Angeles Clippers,98,,17113
387,Sun Dec 9 2018,3:30p,New Orleans Pelicans,116,Detroit Pistons,108,,14705
388,Sun Dec 9 2018,6:00p,Milwaukee Bucks,104,Toronto Raptors,99,,19800
389,Sun Dec 9 2018,7:00p,Utah Jazz,97,San Antonio Spurs,110,,17834
390,Sun Dec 9 2018,7:30p,Charlotte Hornets,119,New York Knicks,107,,18602
391,Mon Dec 10 2018,7:00p,Washington Wizards,101,Indiana Pacers,109,,14645
392,Mon Dec 10 2018,7:00p,Detroit Pistons,102,Philadelphia 76ers,116,,20199
393,Mon Dec 10 2018,7:30p,New Orleans Pelicans,100,Boston Celtics,113,,18624
394,Mon Dec 10 2018,8:00p,Sacramento Kings,108,Chicago Bulls,89,,18164
395,Mon Dec 10 2018,8:00p,Cleveland Cavaliers,92,Milwaukee Bucks,108,,17155
396,Mon Dec 10 2018,8:00p,Utah Jazz,113,Oklahoma City Thunder,122,,18203
397,Mon Dec 10 2018,8:30p,Orlando Magic,76,Dallas Mavericks,101,,19334
398,Mon Dec 10 2018,9:00p,Memphis Grizzlies,99,Denver Nuggets,105,,15278
399,Mon Dec 10 2018,9:00p,Los Angeles Clippers,123,Phoenix Suns,119,OT,12088
400,Mon Dec 10 2018,10:30p,Minnesota Timberwolves,108,Golden State Warriors,116,,19596
401,Mon Dec 10 2018,10:30p,Miami Heat,105,Los Angeles Lakers,108,,18997
402,Tue Dec 11 2018,8:00p,Portland Trail Blazers,104,Houston Rockets,111,,18055
403,Tue Dec 11 2018,8:30p,Phoenix Suns,86,San Antonio Spurs,111,,17676
404,Tue Dec 11 2018,10:30p,Toronto Raptors,123,Los Angeles Clippers,99,,17812
405,Wed Dec 12 2018,7:00p,Detroit Pistons,107,Charlotte Hornets,108,,13997
406,Wed Dec 12 2018,7:00p,New York Knicks,106,Cleveland Cavaliers,113,,19432
407,Wed Dec 12 2018,7:00p,Milwaukee Bucks,97,Indiana Pacers,113,,17070
408,Wed Dec 12 2018,7:00p,Brooklyn Nets,127,Philadelphia 76ers,124,,20376
409,Wed Dec 12 2018,7:00p,Boston Celtics,130,Washington Wizards,125,OT,20409
410,Wed Dec 12 2018,8:00p,Portland Trail Blazers,83,Memphis Grizzlies,92,,16282
411,Wed Dec 12 2018,8:00p,Oklahoma City Thunder,114,New Orleans Pelicans,118,,14450
412,Wed Dec 12 2018,8:30p,Atlanta Hawks,107,Dallas Mavericks,114,,19643
413,Wed Dec 12 2018,9:00p,Miami Heat,84,Utah Jazz,111,,18306
414,Wed Dec 12 2018,10:00p,Minnesota Timberwolves,130,Sacramento Kings,141,,15770
415,Wed Dec 12 2018,10:30p,Toronto Raptors,113,Golden State Warriors,93,,19596
416,Thu Dec 13 2018,8:00p,Los Angeles Lakers,111,Houston Rockets,126,,18055
417,Thu Dec 13 2018,8:30p,Los Angeles Clippers,87,San Antonio Spurs,125,,18354
418,Thu Dec 13 2018,9:30p,Chicago Bulls,91,Orlando Magic,97,,20201
419,Thu Dec 13 2018,10:30p,Dallas Mavericks,89,Phoenix Suns,99,,13265
420,Fri Dec 14 2018,7:00p,Atlanta Hawks,108,Boston Celtics,129,,18624
421,Fri Dec 14 2018,7:00p,New York Knicks,126,Charlotte Hornets,124,OT,17622
422,Fri Dec 14 2018,7:30p,Washington Wizards,118,Brooklyn Nets,125,,13232
423,Fri Dec 14 2018,7:30p,Milwaukee Bucks,114,Cleveland Cavaliers,102,,19432
424,Fri Dec 14 2018,7:30p,Indiana Pacers,113,Philadelphia 76ers,101,,20337
425,Fri Dec 14 2018,8:00p,Miami Heat,100,Memphis Grizzlies,97,,16313
426,Fri Dec 14 2018,10:00p,Oklahoma City Thunder,98,Denver Nuggets,109,,19520
427,Fri Dec 14 2018,10:00p,Toronto Raptors,122,Portland Trail Blazers,128,,19458
428,Fri Dec 14 2018,10:00p,Golden State Warriors,130,Sacramento Kings,125,,17583
429,Sat Dec 15 2018,5:00p,Utah Jazz,89,Orlando Magic,96,,20011
430,Sat Dec 15 2018,7:00p,Los Angeles Lakers,128,Charlotte Hornets,100,,19641
431,Sat Dec 15 2018,7:00p,Boston Celtics,104,Detroit Pistons,113,,17078
432,Sat Dec 15 2018,8:00p,Houston Rockets,105,Memphis Grizzlies,97,,16777
433,Sat Dec 15 2018,8:30p,Chicago Bulls,98,San Antonio Spurs,93,,18354
434,Sat Dec 15 2018,9:00p,Los Angeles Clippers,104,Oklahoma City Thunder,110,,18203
435,Sat Dec 15 2018,9:00p,Minnesota Timberwolves,99,Phoenix Suns,107,,14244
436,Sun Dec 16 2018,3:00p,Atlanta Hawks,127,Brooklyn Nets,144,,13955
437,Sun Dec 16 2018,3:30p,Philadelphia 76ers,128,Cleveland Cavaliers,105,,19432
438,Sun Dec 16 2018,5:00p,New York Knicks,99,Indiana Pacers,110,,16646
439,Sun Dec 16 2018,6:00p,Los Angeles Lakers,110,Washington Wizards,128,,20409
440,Sun Dec 16 2018,7:00p,Sacramento Kings,120,Dallas Mavericks,113,,19935
441,Sun Dec 16 2018,7:00p,Miami Heat,102,New Orleans Pelicans,96,,15535
442,Sun Dec 16 2018,8:00p,Toronto Raptors,86,Denver Nuggets,95,,19520
443,Mon Dec 17 2018,7:00p,Milwaukee Bucks,107,Detroit Pistons,104,,15051
444,Mon Dec 17 2018,7:30p,Phoenix Suns,128,New York Knicks,110,,18437
445,Mon Dec 17 2018,8:00p,Utah Jazz,97,Houston Rockets,102,,18055
446,Mon Dec 17 2018,8:00p,Sacramento Kings,105,Minnesota Timberwolves,132,,12417
447,Mon Dec 17 2018,8:00p,Chicago Bulls,96,Oklahoma City Thunder,121,,18203
448,Mon Dec 17 2018,8:30p,Philadelphia 76ers,96,San Antonio Spurs,123,,17486
449,Mon Dec 17 2018,10:30p,Memphis Grizzlies,93,Golden State Warriors,110,,19596
450,Mon Dec 17 2018,10:30p,Portland Trail Blazers,131,Los Angeles Clippers,127,,16030
451,Tue Dec 18 2018,7:00p,Cleveland Cavaliers,92,Indiana Pacers,91,,15630
452,Tue Dec 18 2018,7:30p,Washington Wizards,110,Atlanta Hawks,118,,16489
453,Tue Dec 18 2018,7:30p,Los Angeles Lakers,110,Brooklyn Nets,115,,17732
454,Tue Dec 18 2018,9:00p,Dallas Mavericks,118,Denver Nuggets,126,,15764
455,Wed Dec 19 2018,7:00p,Cleveland Cavaliers,99,Charlotte Hornets,110,,15179
456,Wed Dec 19 2018,7:00p,San Antonio Spurs,129,Orlando Magic,90,,17138
457,Wed Dec 19 2018,7:00p,New York Knicks,109,Philadelphia 76ers,131,,20424
458,Wed Dec 19 2018,7:30p,Phoenix Suns,111,Boston Celtics,103,,18624
459,Wed Dec 19 2018,7:30p,Indiana Pacers,96,Toronto Raptors,99,,19800
460,Wed Dec 19 2018,8:00p,Brooklyn Nets,96,Chicago Bulls,93,,18065
461,Wed Dec 19 2018,8:00p,Washington Wizards,118,Houston Rockets,136,,18055
462,Wed Dec 19 2018,8:00p,New Orleans Pelicans,115,Milwaukee Bucks,123,,17341
463,Wed Dec 19 2018,8:00p,Detroit Pistons,129,Minnesota Timberwolves,123,OT,15883
464,Wed Dec 19 2018,9:00p,Golden State Warriors,103,Utah Jazz,108,,18306
465,Wed Dec 19 2018,10:00p,Memphis Grizzlies,92,Portland Trail Blazers,99,,19412
466,Wed Dec 19 2018,10:00p,Oklahoma City Thunder,132,Sacramento Kings,113,,17583
467,Thu Dec 20 2018,8:00p,Houston Rockets,99,Miami Heat,101,,19600
468,Thu Dec 20 2018,10:30p,Dallas Mavericks,121,Los Angeles Clippers,125,,17528
469,Fri Dec 21 2018,7:00p,Detroit Pistons,86,Charlotte Hornets,98,,15812
470,Fri Dec 21 2018,7:00p,Cleveland Cavaliers,110,Toronto Raptors,126,,19800
471,Fri Dec 21 2018,7:30p,Indiana Pacers,114,Brooklyn Nets,106,,13302
472,Fri Dec 21 2018,7:30p,Atlanta Hawks,114,New York Knicks,107,,19080
473,Fri Dec 21 2018,8:00p,Milwaukee Bucks,120,Boston Celtics,107,,18624
474,Fri Dec 21 2018,8:00p,Orlando Magic,80,Chicago Bulls,90,,20436
475,Fri Dec 21 2018,8:30p,Minnesota Timberwolves,98,San Antonio Spurs,124,,17708
476,Fri Dec 21 2018,10:00p,Utah Jazz,120,Portland Trail Blazers,90,,19127
477,Fri Dec 21 2018,10:00p,Memphis Grizzlies,99,Sacramento Kings,102,,16369
478,Fri Dec 21 2018,10:30p,New Orleans Pelicans,104,Los Angeles Lakers,112,,18997
479,Sat Dec 22 2018,5:00p,Denver Nuggets,111,Los Angeles Clippers,132,,16571
480,Sat Dec 22 2018,7:00p,Phoenix Suns,146,Washington Wizards,149,3OT,16571
481,Sat Dec 22 2018,7:30p,Toronto Raptors,101,Philadelphia 76ers,126,,20691
482,Sat Dec 22 2018,8:00p,San Antonio Spurs,101,Houston Rockets,108,,18055
483,Sat Dec 22 2018,8:00p,Milwaukee Bucks,87,Miami Heat,94,,19600
484,Sat Dec 22 2018,8:30p,Dallas Mavericks,116,Golden State Warriors,120,,19596
485,Sat Dec 22 2018,9:00p,Oklahoma City Thunder,107,Utah Jazz,106,,18306
486,Sun Dec 23 2018,4:00p,Atlanta Hawks,98,Detroit Pistons,95,,16532
487,Sun Dec 23 2018,5:00p,Washington Wizards,89,Indiana Pacers,105,,17923
488,Sun Dec 23 2018,6:00p,Charlotte Hornets,103,Boston Celtics,119,,18624
489,Sun Dec 23 2018,6:00p,Phoenix Suns,103,Brooklyn Nets,111,,15310
490,Sun Dec 23 2018,6:00p,Chicago Bulls,112,Cleveland Cavaliers,92,,19432
491,Sun Dec 23 2018,6:00p,Miami Heat,115,Orlando Magic,91,,18846
492,Sun Dec 23 2018,6:00p,New Orleans Pelicans,117,Sacramento Kings,122,,16643
493,Sun Dec 23 2018,8:00p,Minnesota Timberwolves,114,Oklahoma City Thunder,112,,18203
494,Sun Dec 23 2018,8:30p,Los Angeles Clippers,127,Golden State Warriors,129,,19596
495,Sun Dec 23 2018,9:00p,Dallas Mavericks,118,Portland Trail Blazers,121,OT,19707
496,Sun Dec 23 2018,9:30p,Memphis Grizzlies,107,Los Angeles Lakers,99,,18997
497,Tue Dec 25 2018,12:00p,Milwaukee Bucks,109,New York Knicks,95,,19812
498,Tue Dec 25 2018,3:00p,Oklahoma City Thunder,109,Houston Rockets,113,,18055
499,Tue Dec 25 2018,5:30p,Philadelphia 76ers,114,Boston Celtics,121,OT,18624
500,Tue Dec 25 2018,8:00p,Los Angeles Lakers,127,Golden State Warriors,101,,19596
501,Tue Dec 25 2018,10:30p,Portland Trail Blazers,96,Utah Jazz,117,,18306
502,Wed Dec 26 2018,7:00p,Washington Wizards,95,Detroit Pistons,106,,17534
503,Wed Dec 26 2018,7:00p,Phoenix Suns,122,Orlando Magic,120,OT,16755
504,Wed Dec 26 2018,7:30p,Indiana Pacers,129,Atlanta Hawks,121,,15026
505,Wed Dec 26 2018,7:30p,Charlotte Hornets,132,Brooklyn Nets,134,2OT,14309
506,Wed Dec 26 2018,7:30p,Toronto Raptors,106,Miami Heat,104,,19902
507,Wed Dec 26 2018,8:00p,Minnesota Timberwolves,119,Chicago Bulls,94,,21852
508,Wed Dec 26 2018,8:00p,Cleveland Cavaliers,87,Memphis Grizzlies,95,,16424
509,Wed Dec 26 2018,8:30p,New Orleans Pelicans,119,Dallas Mavericks,122,,20340
510,Wed Dec 26 2018,8:30p,Denver Nuggets,103,San Antonio Spurs,111,,18408
511,Wed Dec 26 2018,10:30p,Sacramento Kings,118,Los Angeles Clippers,127,,19068
512,Thu Dec 27 2018,8:00p,Boston Celtics,113,Houston Rockets,127,,18055
513,Thu Dec 27 2018,8:00p,New York Knicks,96,Milwaukee Bucks,112,,18058
514,Thu Dec 27 2018,10:00p,Los Angeles Lakers,116,Sacramento Kings,117,,17583
515,Thu Dec 27 2018,10:30p,Portland Trail Blazers,110,Golden State Warriors,109,OT,19596
516,Thu Dec 27 2018,10:30p,Philadelphia 76ers,114,Utah Jazz,97,,18306
517,Fri Dec 28 2018,7:00p,Brooklyn Nets,87,Charlotte Hornets,100,,19411
518,Fri Dec 28 2018,7:00p,Detroit Pistons,88,Indiana Pacers,125,,17923
519,Fri Dec 28 2018,7:00p,Toronto Raptors,87,Orlando Magic,116,,18846
520,Fri Dec 28 2018,7:00p,Chicago Bulls,101,Washington Wizards,92,,20409
521,Fri Dec 28 2018,8:00p,Cleveland Cavaliers,94,Miami Heat,118,,19617
522,Fri Dec 28 2018,8:00p,Atlanta Hawks,123,Minnesota Timberwolves,120,OT,18978
523,Fri Dec 28 2018,8:00p,Dallas Mavericks,112,New Orleans Pelicans,114,,18364
524,Fri Dec 28 2018,9:00p,San Antonio Spurs,99,Denver Nuggets,102,,20076
525,Fri Dec 28 2018,9:00p,Oklahoma City Thunder,118,Phoenix Suns,102,,18055
526,Fri Dec 28 2018,10:30p,Los Angeles Clippers,118,Los Angeles Lakers,107,,18997
527,Sat Dec 29 2018,5:00p,Brooklyn Nets,115,Milwaukee Bucks,129,,17918
528,Sat Dec 29 2018,7:00p,Houston Rockets,108,New Orleans Pelicans,104,,17555
529,Sat Dec 29 2018,7:00p,Charlotte Hornets,126,Washington Wizards,130,,17197
530,Sat Dec 29 2018,7:30p,Cleveland Cavaliers,108,Atlanta Hawks,111,,16460
531,Sat Dec 29 2018,8:00p,Boston Celtics,112,Memphis Grizzlies,103,,17794
532,Sat Dec 29 2018,8:00p,New York Knicks,97,Utah Jazz,129,,18306
533,Sat Dec 29 2018,9:00p,Denver Nuggets,122,Phoenix Suns,118,,14975
534,Sat Dec 29 2018,10:00p,Golden State Warriors,115,Portland Trail Blazers,105,,19797
535,Sat Dec 29 2018,10:30p,San Antonio Spurs,122,Los Angeles Clippers,111,,19068
536,Sun Dec 30 2018,3:30p,Detroit Pistons,107,Orlando Magic,109,,17761
537,Sun Dec 30 2018,6:00p,Minnesota Timberwolves,113,Miami Heat,104,,19600
538,Sun Dec 30 2018,6:00p,Chicago Bulls,89,Toronto Raptors,95,,19800
539,Sun Dec 30 2018,7:00p,Oklahoma City Thunder,103,Dallas Mavericks,105,,20380
540,Sun Dec 30 2018,9:00p,Philadelphia 76ers,95,Portland Trail Blazers,129,,19393
541,Sun Dec 30 2018,9:30p,Sacramento Kings,114,Los Angeles Lakers,121,,18997
542,Mon Dec 31 2018,3:00p,Atlanta Hawks,108,Indiana Pacers,116,,17923
543,Mon Dec 31 2018,6:00p,Orlando Magic,100,Charlotte Hornets,125,,14694
544,Mon Dec 31 2018,7:00p,Memphis Grizzlies,101,Houston Rockets,113,,18055
545,Mon Dec 31 2018,7:00p,Boston Celtics,111,San Antonio Spurs,120,,18354
546,Mon Dec 31 2018,8:00p,Minnesota Timberwolves,114,New Orleans Pelicans,123,,14904
547,Mon Dec 31 2018,8:00p,Dallas Mavericks,102,Oklahoma City Thunder,122,,18203
548,Mon Dec 31 2018,9:00p,Golden State Warriors,132,Phoenix Suns,109,,16906
549,Tue Jan 1 2019,7:30p,Utah Jazz,116,Toronto Raptors,122,,19800
550,Tue Jan 1 2019,8:00p,Detroit Pistons,98,Milwaukee Bucks,121,,17534
551,Tue Jan 1 2019,9:00p,New York Knicks,108,Denver Nuggets,115,,19520
552,Tue Jan 1 2019,9:00p,Portland Trail Blazers,113,Sacramento Kings,108,OT,17583
553,Tue Jan 1 2019,10:30p,Philadelphia 76ers,119,Los Angeles Clippers,113,,17868
554,Wed Jan 2 2019,7:00p,Dallas Mavericks,122,Charlotte Hornets,84,,16955
555,Wed Jan 2 2019,7:00p,Miami Heat,117,Cleveland Cavaliers,92,,19432
556,Wed Jan 2 2019,7:00p,Atlanta Hawks,98,Washington Wizards,114,,15324
557,Wed Jan 2 2019,7:30p,New Orleans Pelicans,121,Brooklyn Nets,126,,16890
558,Wed Jan 2 2019,8:00p,Minnesota Timberwolves,102,Boston Celtics,115,,18624
559,Wed Jan 2 2019,8:00p,Orlando Magic,112,Chicago Bulls,84,,19013
560,Wed Jan 2 2019,8:00p,Detroit Pistons,101,Memphis Grizzlies,94,,14109
561,Wed Jan 2 2019,9:00p,Philadelphia 76ers,132,Phoenix Suns,127,,15226
562,Wed Jan 2 2019,10:30p,Oklahoma City Thunder,107,Los Angeles Lakers,100,,18997
563,Thu Jan 3 2019,8:00p,Toronto Raptors,107,San Antonio Spurs,125,,18354
564,Thu Jan 3 2019,10:00p,Denver Nuggets,117,Sacramento Kings,113,,17583
565,Thu Jan 3 2019,10:30p,Houston Rockets,135,Golden State Warriors,134,OT,19596
566,Fri Jan 4 2019,7:30p,Utah Jazz,117,Cleveland Cavaliers,91,,19432
567,Fri Jan 4 2019,8:00p,Dallas Mavericks,93,Boston Celtics,114,,18624
568,Fri Jan 4 2019,8:00p,Indiana Pacers,119,Chicago Bulls,116,OT,21284
569,Fri Jan 4 2019,8:00p,Brooklyn Nets,109,Memphis Grizzlies,100,,16683
570,Fri Jan 4 2019,8:00p,Washington Wizards,109,Miami Heat,115,,19600
571,Fri Jan 4 2019,8:00p,Orlando Magic,103,Minnesota Timberwolves,120,,14355
572,Fri Jan 4 2019,8:30p,Atlanta Hawks,112,Milwaukee Bucks,144,,17632
573,Fri Jan 4 2019,9:00p,Los Angeles Clippers,121,Phoenix Suns,111,,14764
574,Fri Jan 4 2019,10:30p,New York Knicks,119,Los Angeles Lakers,112,,18997
575,Fri Jan 4 2019,10:30p,Oklahoma City Thunder,111,Portland Trail Blazers,109,,19393
576,Sat Jan 5 2019,5:00p,Charlotte Hornets,110,Denver Nuggets,123,,19861
577,Sat Jan 5 2019,7:00p,Utah Jazz,110,Detroit Pistons,105,,17255
578,Sat Jan 5 2019,7:30p,Dallas Mavericks,100,Philadelphia 76ers,106,,20656
579,Sat Jan 5 2019,8:00p,New Orleans Pelicans,133,Cleveland Cavaliers,98,,19432
580,Sat Jan 5 2019,8:30p,Toronto Raptors,123,Milwaukee Bucks,116,,18028
581,Sat Jan 5 2019,8:30p,Memphis Grizzlies,88,San Antonio Spurs,108,,18354
582,Sat Jan 5 2019,10:00p,Houston Rockets,101,Portland Trail Blazers,110,,19577
583,Sat Jan 5 2019,10:00p,Golden State Warriors,127,Sacramento Kings,123,,17583
584,Sun Jan 6 2019,3:30p,Brooklyn Nets,117,Chicago Bulls,100,,19265
585,Sun Jan 6 2019,3:30p,Orlando Magic,96,Los Angeles Clippers,106,,16616
586,Sun Jan 6 2019,3:30p,Los Angeles Lakers,86,Minnesota Timberwolves,108,,18978
587,Sun Jan 6 2019,6:00p,Miami Heat,82,Atlanta Hawks,106,,16630
588,Sun Jan 6 2019,7:00p,Washington Wizards,116,Oklahoma City Thunder,98,,18203
589,Sun Jan 6 2019,7:30p,Indiana Pacers,105,Toronto Raptors,121,,19800
590,Sun Jan 6 2019,8:00p,Charlotte Hornets,119,Phoenix Suns,113,,13110
591,Mon Jan 7 2019,7:00p,San Antonio Spurs,119,Detroit Pistons,107,,13107
592,Mon Jan 7 2019,7:30p,Brooklyn Nets,95,Boston Celtics,116,,18624
593,Mon Jan 7 2019,8:00p,Denver Nuggets,113,Houston Rockets,125,,18055
594,Mon Jan 7 2019,8:00p,Utah Jazz,102,Milwaukee Bucks,114,,17341
595,Mon Jan 7 2019,8:00p,Memphis Grizzlies,95,New Orleans Pelicans,114,,14624
596,Mon Jan 7 2019,8:30p,Los Angeles Lakers,107,Dallas Mavericks,97,,20354
597,Mon Jan 7 2019,10:00p,New York Knicks,101,Portland Trail Blazers,111,,19026
598,Mon Jan 7 2019,10:00p,Orlando Magic,95,Sacramento Kings,111,,15724
599,Tue Jan 8 2019,7:00p,Indiana Pacers,123,Cleveland Cavaliers,115,,19432
600,Tue Jan 8 2019,7:00p,Washington Wizards,115,Philadelphia 76ers,132,,20446
601,Tue Jan 8 2019,7:30p,Denver Nuggets,103,Miami Heat,99,,19600
602,Tue Jan 8 2019,7:30p,Atlanta Hawks,101,Toronto Raptors,104,,19800
603,Tue Jan 8 2019,8:00p,Minnesota Timberwolves,119,Oklahoma City Thunder,117,,18203
604,Tue Jan 8 2019,9:00p,Sacramento Kings,111,Phoenix Suns,115,,13977
605,Tue Jan 8 2019,10:30p,New York Knicks,95,Golden State Warriors,122,,19596
606,Tue Jan 8 2019,10:30p,Charlotte Hornets,109,Los Angeles Clippers,128,,15275
607,Wed Jan 9 2019,7:00p,Indiana Pacers,108,Boston Celtics,135,,18624
608,Wed Jan 9 2019,7:00p,Philadelphia 76ers,106,Washington Wizards,123,,18039
609,Wed Jan 9 2019,7:30p,Atlanta Hawks,100,Brooklyn Nets,116,,14531
610,Wed Jan 9 2019,8:00p,Milwaukee Bucks,116,Houston Rockets,109,,18055
611,Wed Jan 9 2019,8:00p,San Antonio Spurs,86,Memphis Grizzlies,96,,13944
612,Wed Jan 9 2019,8:00p,Cleveland Cavaliers,124,New Orleans Pelicans,140,,15058
613,Wed Jan 9 2019,8:30p,Phoenix Suns,94,Dallas Mavericks,104,,19596
614,Wed Jan 9 2019,9:00p,Orlando Magic,93,Utah Jazz,106,,18306
615,Wed Jan 9 2019,10:00p,Chicago Bulls,112,Portland Trail Blazers,124,,19393
616,Wed Jan 9 2019,10:30p,Detroit Pistons,100,Los Angeles Lakers,113,,18997
617,Thu Jan 10 2019,7:00p,Boston Celtics,99,Miami Heat,115,,19600
618,Thu Jan 10 2019,9:00p,Los Angeles Clippers,100,Denver Nuggets,121,,15742
619,Thu Jan 10 2019,9:30p,Oklahoma City Thunder,147,San Antonio Spurs,154,2OT,18354
620,Thu Jan 10 2019,10:00p,Detroit Pistons,102,Sacramento Kings,112,,16916
621,Fri Jan 11 2019,7:00p,Atlanta Hawks,123,Philadelphia 76ers,121,,20487
622,Fri Jan 11 2019,7:00p,Milwaukee Bucks,106,Washington Wizards,113,,17996
623,Fri Jan 11 2019,7:30p,Indiana Pacers,121,New York Knicks,106,,19812
624,Fri Jan 11 2019,7:30p,Brooklyn Nets,105,Toronto Raptors,122,,19800
625,Fri Jan 11 2019,8:00p,Cleveland Cavaliers,113,Houston Rockets,141,,18055
626,Fri Jan 11 2019,8:00p,Dallas Mavericks,119,Minnesota Timberwolves,115,,18978
627,Fri Jan 11 2019,10:00p,Charlotte Hornets,96,Portland Trail Blazers,127,,19393
628,Fri Jan 11 2019,10:00p,Los Angeles Lakers,95,Utah Jazz,113,,18306
629,Fri Jan 11 2019,10:30p,Chicago Bulls,109,Golden State Warriors,146,,19596
630,Sat Jan 12 2019,3:30p,Detroit Pistons,109,Los Angeles Clippers,104,,16540
631,Sat Jan 12 2019,5:00p,Memphis Grizzlies,108,Miami Heat,112,,19600
632,Sat Jan 12 2019,7:00p,Boston Celtics,103,Orlando Magic,105,,18846
633,Sat Jan 12 2019,8:00p,New Orleans Pelicans,106,Minnesota Timberwolves,110,,16384
634,Sat Jan 12 2019,8:00p,San Antonio Spurs,112,Oklahoma City Thunder,122,,18203
635,Sat Jan 12 2019,9:00p,Denver Nuggets,93,Phoenix Suns,102,,15246
636,Sat Jan 12 2019,10:00p,Charlotte Hornets,97,Sacramento Kings,104,,17853
637,Sat Jan 12 2019,10:00p,Chicago Bulls,102,Utah Jazz,110,,18306
638,Sun Jan 13 2019,1:00p,Philadelphia 76ers,108,New York Knicks,105,,18596
639,Sun Jan 13 2019,1:00p,Toronto Raptors,140,Washington Wizards,138,2OT,16919
640,Sun Jan 13 2019,3:30p,Milwaukee Bucks,133,Atlanta Hawks,114,,16292
641,Sun Jan 13 2019,6:00p,Houston Rockets,109,Orlando Magic,116,,16982
642,Sun Jan 13 2019,7:00p,Golden State Warriors,119,Dallas Mavericks,114,,20340
643,Sun Jan 13 2019,8:00p,Portland Trail Blazers,113,Denver Nuggets,116,,19520
644,Sun Jan 13 2019,9:30p,Cleveland Cavaliers,101,Los Angeles Lakers,95,,18997
645,Mon Jan 14 2019,7:30p,Boston Celtics,102,Brooklyn Nets,109,,16247
646,Mon Jan 14 2019,8:00p,Memphis Grizzlies,94,Houston Rockets,112,,18055
647,Mon Jan 14 2019,8:30p,Charlotte Hornets,108,San Antonio Spurs,93,,18354
648,Mon Jan 14 2019,9:00p,Detroit Pistons,94,Utah Jazz,100,,18306
649,Mon Jan 14 2019,10:00p,Portland Trail Blazers,107,Sacramento Kings,115,,17583
650,Mon Jan 14 2019,10:30p,New Orleans Pelicans,121,Los Angeles Clippers,117,,15283
651,Tue Jan 15 2019,7:00p,Phoenix Suns,97,Indiana Pacers,131,,15698
652,Tue Jan 15 2019,7:00p,Minnesota Timberwolves,107,Philadelphia 76ers,149,,20265
653,Tue Jan 15 2019,7:30p,Oklahoma City Thunder,126,Atlanta Hawks,142,,15045
654,Tue Jan 15 2019,8:00p,Miami Heat,86,Milwaukee Bucks,124,,17626
655,Tue Jan 15 2019,9:00p,Golden State Warriors,142,Denver Nuggets,111,,19896
656,Tue Jan 15 2019,10:30p,Chicago Bulls,100,Los Angeles Lakers,107,,18997
657,Wed Jan 16 2019,7:00p,Orlando Magic,115,Detroit Pistons,120,OT,14019
658,Wed Jan 16 2019,8:00p,Toronto Raptors,108,Boston Celtics,117,,18624
659,Wed Jan 16 2019,8:00p,Brooklyn Nets,145,Houston Rockets,142,OT,18055
660,Wed Jan 16 2019,8:00p,Milwaukee Bucks,111,Memphis Grizzlies,101,,14921
661,Wed Jan 16 2019,8:30p,San Antonio Spurs,105,Dallas Mavericks,101,,20214
662,Wed Jan 16 2019,10:00p,Cleveland Cavaliers,112,Portland Trail Blazers,129,,19089
663,Wed Jan 16 2019,10:30p,New Orleans Pelicans,140,Golden State Warriors,147,,19596
664,Wed Jan 16 2019,10:30p,Utah Jazz,129,Los Angeles Clippers,109,,15535
665,Thu Jan 17 2019,3:00p,New York Knicks,100,Washington Wizards,101,,19078
666,Thu Jan 17 2019,7:00p,Sacramento Kings,95,Charlotte Hornets,114,,15431
667,Thu Jan 17 2019,7:00p,Philadelphia 76ers,120,Indiana Pacers,96,,16007
668,Thu Jan 17 2019,7:30p,Phoenix Suns,109,Toronto Raptors,111,,19800
669,Thu Jan 17 2019,9:00p,Chicago Bulls,105,Denver Nuggets,135,,17289
670,Thu Jan 17 2019,9:30p,Los Angeles Lakers,138,Oklahoma City Thunder,128,OT,18203
671,Fri Jan 18 2019,7:00p,Memphis Grizzlies,116,Boston Celtics,122,,18624
672,Fri Jan 18 2019,7:00p,Miami Heat,93,Detroit Pistons,98,,17228
673,Fri Jan 18 2019,7:00p,Brooklyn Nets,117,Orlando Magic,115,,17840
674,Fri Jan 18 2019,8:00p,San Antonio Spurs,116,Minnesota Timberwolves,113,,17222
675,Fri Jan 18 2019,9:00p,Cleveland Cavaliers,99,Utah Jazz,115,,18306
676,Fri Jan 18 2019,10:30p,Golden State Warriors,112,Los Angeles Clippers,94,,19068
677,Fri Jan 18 2019,10:30p,New Orleans Pelicans,112,Portland Trail Blazers,128,,19598
678,Sat Jan 19 2019,3:30p,Oklahoma City Thunder,117,Philadelphia 76ers,115,,20646
679,Sat Jan 19 2019,5:00p,Phoenix Suns,115,Charlotte Hornets,135,,19278
680,Sat Jan 19 2019,7:00p,Sacramento Kings,103,Detroit Pistons,101,,15377
681,Sat Jan 19 2019,7:00p,Dallas Mavericks,99,Indiana Pacers,111,,17508
682,Sat Jan 19 2019,7:00p,Milwaukee Bucks,118,Orlando Magic,108,,18846
683,Sat Jan 19 2019,7:30p,Boston Celtics,113,Atlanta Hawks,105,,16626
684,Sat Jan 19 2019,7:30p,Memphis Grizzlies,90,Toronto Raptors,119,,19800
685,Sat Jan 19 2019,8:00p,Miami Heat,117,Chicago Bulls,103,,20926
686,Sat Jan 19 2019,8:30p,Los Angeles Lakers,134,Houston Rockets,138,OT,18055
687,Sat Jan 19 2019,10:00p,Cleveland Cavaliers,102,Denver Nuggets,124,,19520
688,Sun Jan 20 2019,6:00p,Charlotte Hornets,95,Indiana Pacers,120,,15015
689,Sun Jan 20 2019,7:00p,Phoenix Suns,114,Minnesota Timberwolves,116,,14607
690,Sun Jan 20 2019,7:00p,Los Angeles Clippers,103,San Antonio Spurs,95,,18354
691,Mon Jan 21 2019,12:30p,Oklahoma City Thunder,127,New York Knicks,109,,19493
692,Mon Jan 21 2019,1:00p,Chicago Bulls,104,Cleveland Cavaliers,88,,19432
693,Mon Jan 21 2019,2:00p,Dallas Mavericks,106,Milwaukee Bucks,116,,17963
694,Mon Jan 21 2019,2:00p,Detroit Pistons,87,Washington Wizards,101,,16229
695,Mon Jan 21 2019,3:00p,Orlando Magic,122,Atlanta Hawks,103,,16611
696,Mon Jan 21 2019,3:30p,Sacramento Kings,94,Brooklyn Nets,123,,14233
697,Mon Jan 21 2019,5:30p,New Orleans Pelicans,105,Memphis Grizzlies,85,,17794
698,Mon Jan 21 2019,6:00p,Miami Heat,99,Boston Celtics,107,,18624
699,Mon Jan 21 2019,8:00p,Houston Rockets,93,Philadelphia 76ers,121,,20313
700,Mon Jan 21 2019,9:00p,Portland Trail Blazers,109,Utah Jazz,104,,18306
701,Mon Jan 21 2019,10:30p,Golden State Warriors,130,Los Angeles Lakers,111,,18997
702,Tue Jan 22 2019,7:00p,Sacramento Kings,105,Toronto Raptors,120,,19800
703,Tue Jan 22 2019,8:00p,Portland Trail Blazers,114,Oklahoma City Thunder,123,,18203
704,Tue Jan 22 2019,8:30p,Los Angeles Clippers,98,Dallas Mavericks,106,,19466
705,Tue Jan 22 2019,9:00p,Minnesota Timberwolves,118,Phoenix Suns,91,,14460
706,Wed Jan 23 2019,7:00p,Toronto Raptors,106,Indiana Pacers,110,,16879
707,Wed Jan 23 2019,7:30p,Cleveland Cavaliers,103,Boston Celtics,123,,18624
708,Wed Jan 23 2019,7:30p,Orlando Magic,110,Brooklyn Nets,114,,13185
709,Wed Jan 23 2019,7:30p,Los Angeles Clippers,111,Miami Heat,99,,19600
710,Wed Jan 23 2019,7:30p,Houston Rockets,114,New York Knicks,110,,18819
711,Wed Jan 23 2019,8:00p,Atlanta Hawks,121,Chicago Bulls,101,,18223
712,Wed Jan 23 2019,8:00p,Charlotte Hornets,118,Memphis Grizzlies,107,,12863
713,Wed Jan 23 2019,8:00p,Detroit Pistons,98,New Orleans Pelicans,94,,18181
714,Wed Jan 23 2019,8:00p,San Antonio Spurs,120,Philadelphia 76ers,122,,20339
715,Wed Jan 23 2019,10:30p,Denver Nuggets,108,Utah Jazz,114,,18306
716,Thu Jan 24 2019,8:00p,New Orleans Pelicans,116,Oklahoma City Thunder,122,,18203
717,Thu Jan 24 2019,8:00p,Golden State Warriors,126,Washington Wizards,118,,20409
718,Thu Jan 24 2019,9:00p,Portland Trail Blazers,120,Phoenix Suns,106,,15441
719,Thu Jan 24 2019,10:30p,Minnesota Timberwolves,120,Los Angeles Lakers,105,,18997
720,Fri Jan 25 2019,7:00p,Washington Wizards,95,Orlando Magic,91,,17216
721,Fri Jan 25 2019,7:30p,New York Knicks,99,Brooklyn Nets,109,,17033
722,Fri Jan 25 2019,7:30p,Miami Heat,100,Cleveland Cavaliers,94,,19432
723,Fri Jan 25 2019,8:00p,Los Angeles Clippers,106,Chicago Bulls,101,,19354
724,Fri Jan 25 2019,8:00p,Toronto Raptors,119,Houston Rockets,121,,18055
725,Fri Jan 25 2019,8:00p,Sacramento Kings,99,Memphis Grizzlies,96,,14486
726,Fri Jan 25 2019,8:30p,Detroit Pistons,101,Dallas Mavericks,106,,20327
727,Fri Jan 25 2019,8:30p,Charlotte Hornets,99,Milwaukee Bucks,108,,17803
728,Fri Jan 25 2019,9:00p,Phoenix Suns,95,Denver Nuggets,132,,17425
729,Fri Jan 25 2019,9:00p,Minnesota Timberwolves,102,Utah Jazz,106,,18306
730,Sat Jan 26 2019,6:00p,San Antonio Spurs,126,New Orleans Pelicans,114,,17724
731,Sat Jan 26 2019,8:00p,Indiana Pacers,103,Memphis Grizzlies,106,,14486
732,Sat Jan 26 2019,8:30p,Golden State Warriors,115,Boston Celtics,111,,18624
733,Sat Jan 26 2019,9:00p,Philadelphia 76ers,110,Denver Nuggets,126,,19673
734,Sat Jan 26 2019,10:00p,Atlanta Hawks,111,Portland Trail Blazers,120,,19629
735,Sun Jan 27 2019,3:30p,Cleveland Cavaliers,104,Chicago Bulls,101,,19675
736,Sun Jan 27 2019,3:30p,Sacramento Kings,108,Los Angeles Clippers,122,,19068
737,Sun Jan 27 2019,6:00p,Milwaukee Bucks,112,Oklahoma City Thunder,118,,18203
738,Sun Jan 27 2019,7:00p,Toronto Raptors,123,Dallas Mavericks,120,,20308
739,Sun Jan 27 2019,7:00p,Orlando Magic,98,Houston Rockets,103,,18055
740,Sun Jan 27 2019,7:00p,Utah Jazz,125,Minnesota Timberwolves,111,,14542
741,Sun Jan 27 2019,7:00p,Washington Wizards,119,San Antonio Spurs,132,,18354
742,Sun Jan 27 2019,7:30p,Miami Heat,106,New York Knicks,97,,18852
743,Sun Jan 27 2019,9:30p,Phoenix Suns,102,Los Angeles Lakers,116,,18997
744,Mon Jan 28 2019,7:00p,New York Knicks,92,Charlotte Hornets,101,,13963
745,Mon Jan 28 2019,7:00p,Golden State Warriors,132,Indiana Pacers,100,,17923
746,Mon Jan 28 2019,7:30p,Brooklyn Nets,104,Boston Celtics,112,,18624
747,Mon Jan 28 2019,8:00p,Denver Nuggets,95,Memphis Grizzlies,92,,12917
748,Mon Jan 28 2019,10:30p,Atlanta Hawks,123,Los Angeles Clippers,118,,17382
749,Tue Jan 29 2019,7:00p,Washington Wizards,113,Cleveland Cavaliers,116,,19432
750,Tue Jan 29 2019,7:00p,Milwaukee Bucks,115,Detroit Pistons,105,,14187
751,Tue Jan 29 2019,7:00p,Oklahoma City Thunder,126,Orlando Magic,117,,16341
752,Tue Jan 29 2019,7:30p,Chicago Bulls,117,Brooklyn Nets,122,,12726
753,Tue Jan 29 2019,8:00p,New Orleans Pelicans,121,Houston Rockets,116,,18055
754,Tue Jan 29 2019,8:30p,Phoenix Suns,124,San Antonio Spurs,126,,18121
755,Tue Jan 29 2019,10:30p,Philadelphia 76ers,121,Los Angeles Lakers,105,,18997
756,Wed Jan 30 2019,7:30p,Charlotte Hornets,94,Boston Celtics,126,,18624
757,Wed Jan 30 2019,7:30p,Chicago Bulls,105,Miami Heat,89,,19600
758,Wed Jan 30 2019,7:30p,Dallas Mavericks,114,New York Knicks,90,,18842
759,Wed Jan 30 2019,8:00p,Memphis Grizzlies,97,Minnesota Timberwolves,99,OT,13615
760,Wed Jan 30 2019,8:00p,Denver Nuggets,105,New Orleans Pelicans,99,,14211
761,Wed Jan 30 2019,8:00p,Indiana Pacers,89,Washington Wizards,107,,15354
762,Wed Jan 30 2019,10:00p,Atlanta Hawks,113,Sacramento Kings,135,,17583
763,Wed Jan 30 2019,10:30p,Utah Jazz,105,Portland Trail Blazers,132,,19393
764,Thu Jan 31 2019,7:00p,Dallas Mavericks,89,Detroit Pistons,93,,14075
765,Thu Jan 31 2019,7:00p,Indiana Pacers,100,Orlando Magic,107,,16625
766,Thu Jan 31 2019,8:00p,Milwaukee Bucks,105,Toronto Raptors,92,,19800
767,Thu Jan 31 2019,8:30p,Brooklyn Nets,114,San Antonio Spurs,117,,18057
768,Thu Jan 31 2019,10:30p,Philadelphia 76ers,113,Golden State Warriors,104,,19596
769,Thu Jan 31 2019,10:30p,Los Angeles Lakers,123,Los Angeles Clippers,120,OT,19068
770,Fri Feb 1 2019,7:00p,Memphis Grizzlies,92,Charlotte Hornets,100,,15387
771,Fri Feb 1 2019,7:30p,Boston Celtics,113,New York Knicks,99,,18343
772,Fri Feb 1 2019,8:00p,Oklahoma City Thunder,118,Miami Heat,102,,19600
773,Fri Feb 1 2019,9:00p,Atlanta Hawks,112,Utah Jazz,128,,18306
774,Fri Feb 1 2019,10:00p,Houston Rockets,122,Denver Nuggets,136,,20106
775,Sat Feb 2 2019,5:00p,Los Angeles Clippers,111,Detroit Pistons,101,,17862
776,Sat Feb 2 2019,7:00p,Chicago Bulls,118,Charlotte Hornets,125,,19114
777,Sat Feb 2 2019,7:00p,Brooklyn Nets,89,Orlando Magic,102,,17385
778,Sat Feb 2 2019,7:00p,Milwaukee Bucks,131,Washington Wizards,115,,20409
779,Sat Feb 2 2019,7:30p,Dallas Mavericks,111,Cleveland Cavaliers,98,,19432
780,Sat Feb 2 2019,7:30p,Indiana Pacers,95,Miami Heat,88,,19600
781,Sat Feb 2 2019,8:30p,Los Angeles Lakers,101,Golden State Warriors,115,,19596
782,Sat Feb 2 2019,8:30p,New Orleans Pelicans,108,San Antonio Spurs,113,,18354
783,Sat Feb 2 2019,9:00p,Denver Nuggets,107,Minnesota Timberwolves,106,,17208
784,Sat Feb 2 2019,9:00p,Atlanta Hawks,118,Phoenix Suns,112,,15534
785,Sat Feb 2 2019,9:00p,Houston Rockets,125,Utah Jazz,98,,18306
786,Sat Feb 2 2019,10:00p,Philadelphia 76ers,108,Sacramento Kings,115,,17583
787,Sun Feb 3 2019,1:00p,Memphis Grizzlies,96,New York Knicks,84,,17025
788,Sun Feb 3 2019,2:00p,Oklahoma City Thunder,129,Boston Celtics,134,,18624
789,Sun Feb 3 2019,3:00p,Los Angeles Clippers,103,Toronto Raptors,121,,19800
790,Mon Feb 4 2019,7:00p,Denver Nuggets,103,Detroit Pistons,129,,12589
791,Mon Feb 4 2019,7:00p,Atlanta Hawks,137,Washington Wizards,129,,15025
792,Mon Feb 4 2019,7:30p,Milwaukee Bucks,113,Brooklyn Nets,94,,16209
793,Mon Feb 4 2019,8:00p,Indiana Pacers,109,New Orleans Pelicans,107,,15780
794,Mon Feb 4 2019,9:00p,Houston Rockets,118,Phoenix Suns,110,,15740
795,Mon Feb 4 2019,10:00p,San Antonio Spurs,112,Sacramento Kings,127,,16245
796,Tue Feb 5 2019,7:00p,Los Angeles Clippers,117,Charlotte Hornets,115,,14300
797,Tue Feb 5 2019,7:00p,Boston Celtics,103,Cleveland Cavaliers,96,,19432
798,Tue Feb 5 2019,7:00p,Los Angeles Lakers,94,Indiana Pacers,136,,17265
799,Tue Feb 5 2019,7:30p,Detroit Pistons,105,New York Knicks,92,,17853
800,Tue Feb 5 2019,8:00p,Minnesota Timberwolves,106,Memphis Grizzlies,108,,13454
801,Tue Feb 5 2019,8:00p,Orlando Magic,122,Oklahoma City Thunder,132,,18203
802,Tue Feb 5 2019,8:00p,Toronto Raptors,119,Philadelphia 76ers,107,,20472
803,Tue Feb 5 2019,10:30p,Miami Heat,118,Portland Trail Blazers,108,,19468
804,Wed Feb 6 2019,7:30p,Denver Nuggets,130,Brooklyn Nets,135,,14516
805,Wed Feb 6 2019,8:00p,New Orleans Pelicans,125,Chicago Bulls,120,,18116
806,Wed Feb 6 2019,8:00p,Washington Wizards,129,Milwaukee Bucks,148,,17360
807,Wed Feb 6 2019,8:30p,Charlotte Hornets,93,Dallas Mavericks,99,,19606
808,Wed Feb 6 2019,9:00p,Phoenix Suns,88,Utah Jazz,116,,18306
809,Wed Feb 6 2019,10:00p,Houston Rockets,127,Sacramento Kings,101,,17583
810,Wed Feb 6 2019,10:30p,San Antonio Spurs,102,Golden State Warriors,141,,19596
811,Thu Feb 7 2019,7:00p,Los Angeles Clippers,92,Indiana Pacers,116,,15756
812,Thu Feb 7 2019,7:00p,Minnesota Timberwolves,112,Orlando Magic,122,,17184
813,Thu Feb 7 2019,7:30p,Toronto Raptors,119,Atlanta Hawks,101,,16036
814,Thu Feb 7 2019,8:00p,Los Angeles Lakers,129,Boston Celtics,128,,18624
815,Thu Feb 7 2019,8:00p,Memphis Grizzlies,95,Oklahoma City Thunder,117,,18203
816,Thu Feb 7 2019,10:30p,San Antonio Spurs,118,Portland Trail Blazers,127,,19393
817,Fri Feb 8 2019,7:00p,New York Knicks,103,Detroit Pistons,120,,14430
818,Fri Feb 8 2019,7:00p,Denver Nuggets,110,Philadelphia 76ers,117,,20627
819,Fri Feb 8 2019,7:00p,Cleveland Cavaliers,106,Washington Wizards,119,,16682
820,Fri Feb 8 2019,7:30p,Chicago Bulls,125,Brooklyn Nets,106,,15267
821,Fri Feb 8 2019,8:30p,Milwaukee Bucks,122,Dallas Mavericks,107,,20420
822,Fri Feb 8 2019,9:00p,Golden State Warriors,117,Phoenix Suns,107,,17081
823,Fri Feb 8 2019,9:30p,Minnesota Timberwolves,117,New Orleans Pelicans,122,,16980
824,Fri Feb 8 2019,10:00p,Miami Heat,96,Sacramento Kings,102,,17583
825,Sat Feb 9 2019,5:00p,San Antonio Spurs,105,Utah Jazz,125,,18306
826,Sat Feb 9 2019,7:00p,Cleveland Cavaliers,90,Indiana Pacers,105,,17923
827,Sat Feb 9 2019,7:30p,Charlotte Hornets,129,Atlanta Hawks,120,,15048
828,Sat Feb 9 2019,7:30p,Toronto Raptors,104,New York Knicks,99,,18886
829,Sat Feb 9 2019,8:00p,Los Angeles Clippers,123,Boston Celtics,112,,18624
830,Sat Feb 9 2019,8:00p,Washington Wizards,134,Chicago Bulls,125,,19942
831,Sat Feb 9 2019,8:00p,New Orleans Pelicans,90,Memphis Grizzlies,99,,16841
832,Sat Feb 9 2019,8:30p,Oklahoma City Thunder,117,Houston Rockets,112,,18061
833,Sat Feb 9 2019,9:00p,Orlando Magic,103,Milwaukee Bucks,83,,17812
834,Sun Feb 10 2019,3:00p,Portland Trail Blazers,101,Dallas Mavericks,102,,20340
835,Sun Feb 10 2019,3:30p,Los Angeles Lakers,120,Philadelphia 76ers,143,,20683
836,Sun Feb 10 2019,6:00p,Phoenix Suns,104,Sacramento Kings,117,,17583
837,Sun Feb 10 2019,7:30p,Orlando Magic,124,Atlanta Hawks,108,,13370
838,Sun Feb 10 2019,8:30p,Miami Heat,118,Golden State Warriors,120,,19596
839,Mon Feb 11 2019,7:00p,New York Knicks,104,Cleveland Cavaliers,107,,19432
840,Mon Feb 11 2019,7:00p,Washington Wizards,112,Detroit Pistons,121,,15246
841,Mon Feb 11 2019,7:00p,Charlotte Hornets,90,Indiana Pacers,99,,15734
842,Mon Feb 11 2019,7:30p,Brooklyn Nets,125,Toronto Raptors,127,,19800
843,Mon Feb 11 2019,8:00p,Milwaukee Bucks,112,Chicago Bulls,99,,18833
844,Mon Feb 11 2019,8:00p,Dallas Mavericks,104,Houston Rockets,120,,18055
845,Mon Feb 11 2019,8:00p,Los Angeles Clippers,120,Minnesota Timberwolves,130,,13782
846,Mon Feb 11 2019,8:00p,Portland Trail Blazers,111,Oklahoma City Thunder,120,,18203
847,Mon Feb 11 2019,9:00p,Miami Heat,87,Denver Nuggets,103,,18378
848,Tue Feb 12 2019,7:30p,Los Angeles Lakers,113,Atlanta Hawks,117,,16824
849,Tue Feb 12 2019,8:00p,San Antonio Spurs,108,Memphis Grizzlies,107,,13788
850,Tue Feb 12 2019,8:00p,Orlando Magic,118,New Orleans Pelicans,88,,15733
851,Tue Feb 12 2019,8:00p,Boston Celtics,112,Philadelphia 76ers,109,,20582
852,Tue Feb 12 2019,10:30p,Utah Jazz,108,Golden State Warriors,115,,19596
853,Wed Feb 13 2019,7:00p,Brooklyn Nets,148,Cleveland Cavaliers,139,3OT,17434
854,Wed Feb 13 2019,7:00p,Milwaukee Bucks,106,Indiana Pacers,97,,17311
855,Wed Feb 13 2019,7:30p,Detroit Pistons,110,Boston Celtics,118,,18624
856,Wed Feb 13 2019,7:30p,Philadelphia 76ers,126,New York Knicks,111,,18983
857,Wed Feb 13 2019,7:30p,Washington Wizards,120,Toronto Raptors,129,,19800
858,Wed Feb 13 2019,8:00p,Memphis Grizzlies,110,Chicago Bulls,122,,19114
859,Wed Feb 13 2019,8:00p,Houston Rockets,111,Minnesota Timberwolves,121,,15131
860,Wed Feb 13 2019,8:30p,Miami Heat,112,Dallas Mavericks,101,,20364
861,Wed Feb 13 2019,9:00p,Sacramento Kings,118,Denver Nuggets,120,,17938
862,Wed Feb 13 2019,10:30p,Phoenix Suns,107,Los Angeles Clippers,134,,17703
863,Wed Feb 13 2019,10:30p,Golden State Warriors,107,Portland Trail Blazers,129,,19549
864,Thu Feb 14 2019,7:00p,Charlotte Hornets,89,Orlando Magic,127,,18846
865,Thu Feb 14 2019,7:30p,New York Knicks,106,Atlanta Hawks,91,,14179
866,Thu Feb 14 2019,8:00p,Oklahoma City Thunder,122,New Orleans Pelicans,131,,15686
867,Thu Feb 21 2019,7:00p,Phoenix Suns,98,Cleveland Cavaliers,111,,19022
868,Thu Feb 21 2019,7:00p,Miami Heat,102,Philadelphia 76ers,106,,20505
869,Thu Feb 21 2019,7:30p,Portland Trail Blazers,113,Brooklyn Nets,99,,17732
870,Thu Feb 21 2019,8:00p,Boston Celtics,97,Milwaukee Bucks,98,,17926
871,Thu Feb 21 2019,10:30p,Sacramento Kings,123,Golden State Warriors,125,,19596
872,Thu Feb 21 2019,10:30p,Houston Rockets,106,Los Angeles Lakers,111,,18997
873,Fri Feb 22 2019,7:00p,Washington Wizards,110,Charlotte Hornets,123,,15572
874,Fri Feb 22 2019,7:00p,New Orleans Pelicans,111,Indiana Pacers,126,,16962
875,Fri Feb 22 2019,7:00p,Chicago Bulls,110,Orlando Magic,109,,18846
876,Fri Feb 22 2019,7:00p,San Antonio Spurs,117,Toronto Raptors,120,,20058
877,Fri Feb 22 2019,7:30p,Detroit Pistons,125,Atlanta Hawks,122,,14067
878,Fri Feb 22 2019,7:30p,Minnesota Timberwolves,115,New York Knicks,104,,19096
879,Fri Feb 22 2019,8:00p,Los Angeles Clippers,112,Memphis Grizzlies,106,,16444
880,Fri Feb 22 2019,8:30p,Denver Nuggets,114,Dallas Mavericks,104,,20382
881,Fri Feb 22 2019,9:30p,Utah Jazz,147,Oklahoma City Thunder,148,2OT,18203
882,Sat Feb 23 2019,1:00p,Portland Trail Blazers,130,Philadelphia 76ers,115,,20619
883,Sat Feb 23 2019,7:00p,Phoenix Suns,112,Atlanta Hawks,120,,15214
884,Sat Feb 23 2019,7:00p,Brooklyn Nets,117,Charlotte Hornets,115,,19158
885,Sat Feb 23 2019,7:00p,Memphis Grizzlies,107,Cleveland Cavaliers,112,,19432
886,Sat Feb 23 2019,7:00p,Los Angeles Lakers,115,New Orleans Pelicans,128,,18626
887,Sat Feb 23 2019,7:00p,Indiana Pacers,119,Washington Wizards,112,,19648
888,Sat Feb 23 2019,7:30p,Detroit Pistons,119,Miami Heat,96,,19600
889,Sat Feb 23 2019,8:00p,Boston Celtics,116,Chicago Bulls,126,,21295
890,Sat Feb 23 2019,8:00p,Sacramento Kings,119,Oklahoma City Thunder,116,,18203
891,Sat Feb 23 2019,8:30p,Houston Rockets,118,Golden State Warriors,112,,19596
892,Sat Feb 23 2019,8:30p,Minnesota Timberwolves,128,Milwaukee Bucks,140,,17972
893,Sat Feb 23 2019,10:00p,Dallas Mavericks,109,Utah Jazz,125,,18306
894,Sun Feb 24 2019,3:30p,Orlando Magic,113,Toronto Raptors,98,,19800
895,Sun Feb 24 2019,5:00p,Los Angeles Clippers,96,Denver Nuggets,123,,19956
896,Sun Feb 24 2019,7:30p,San Antonio Spurs,118,New York Knicks,130,,18019
897,Mon Feb 25 2019,7:00p,Golden State Warriors,121,Charlotte Hornets,110,,19419
898,Mon Feb 25 2019,7:00p,Portland Trail Blazers,123,Cleveland Cavaliers,110,,19432
899,Mon Feb 25 2019,7:00p,Indiana Pacers,109,Detroit Pistons,113,,15321
900,Mon Feb 25 2019,7:30p,San Antonio Spurs,85,Brooklyn Nets,101,,13479
901,Mon Feb 25 2019,7:30p,Phoenix Suns,124,Miami Heat,121,,19600
902,Mon Feb 25 2019,8:00p,Milwaukee Bucks,117,Chicago Bulls,106,,20936
903,Mon Feb 25 2019,8:00p,Atlanta Hawks,111,Houston Rockets,119,,18055
904,Mon Feb 25 2019,8:00p,Los Angeles Lakers,105,Memphis Grizzlies,110,,17794
905,Mon Feb 25 2019,8:00p,Sacramento Kings,105,Minnesota Timberwolves,112,,13691
906,Mon Feb 25 2019,8:00p,Philadelphia 76ers,111,New Orleans Pelicans,110,,17194
907,Mon Feb 25 2019,10:30p,Dallas Mavericks,112,Los Angeles Clippers,121,,19068
908,Tue Feb 26 2019,7:30p,Orlando Magic,103,New York Knicks,108,,17833
909,Tue Feb 26 2019,8:00p,Boston Celtics,95,Toronto Raptors,118,,19800
910,Tue Feb 26 2019,10:30p,Oklahoma City Thunder,112,Denver Nuggets,121,,18378
911,Wed Feb 27 2019,7:00p,Houston Rockets,118,Charlotte Hornets,113,,17903
912,Wed Feb 27 2019,7:30p,Minnesota Timberwolves,123,Atlanta Hawks,131,OT,14101
913,Wed Feb 27 2019,7:30p,Washington Wizards,125,Brooklyn Nets,116,,13683
914,Wed Feb 27 2019,7:30p,Golden State Warriors,125,Miami Heat,126,,19647
915,Wed Feb 27 2019,8:00p,Portland Trail Blazers,97,Boston Celtics,92,,18624
916,Wed Feb 27 2019,8:00p,Chicago Bulls,109,Memphis Grizzlies,107,,13711
917,Wed Feb 27 2019,8:30p,Indiana Pacers,101,Dallas Mavericks,110,,19978
918,Wed Feb 27 2019,8:30p,Detroit Pistons,93,San Antonio Spurs,105,,18354
919,Wed Feb 27 2019,9:00p,Los Angeles Clippers,105,Utah Jazz,111,,18306
920,Wed Feb 27 2019,10:00p,Milwaukee Bucks,141,Sacramento Kings,140,OT,17583
921,Wed Feb 27 2019,10:30p,New Orleans Pelicans,119,Los Angeles Lakers,125,,18997
922,Thu Feb 28 2019,7:00p,Minnesota Timberwolves,115,Indiana Pacers,122,,17003
923,Thu Feb 28 2019,7:00p,Golden State Warriors,96,Orlando Magic,103,,18846
924,Thu Feb 28 2019,7:30p,Cleveland Cavaliers,125,New York Knicks,118,,17573
925,Thu Feb 28 2019,8:00p,Miami Heat,118,Houston Rockets,121,,18119
926,Thu Feb 28 2019,8:00p,Philadelphia 76ers,108,Oklahoma City Thunder,104,,18203
927,Thu Feb 28 2019,10:30p,Utah Jazz,111,Denver Nuggets,104,,19520
928,Fri Mar 1 2019,7:30p,Chicago Bulls,168,Atlanta Hawks,161,4OT,15267
929,Fri Mar 1 2019,7:30p,Charlotte Hornets,123,Brooklyn Nets,112,,15578
930,Fri Mar 1 2019,8:00p,Washington Wizards,96,Boston Celtics,107,,18624
931,Fri Mar 1 2019,8:00p,Portland Trail Blazers,117,Toronto Raptors,119,,19800
932,Fri Mar 1 2019,9:00p,New Orleans Pelicans,130,Phoenix Suns,116,,14123
933,Fri Mar 1 2019,10:00p,Los Angeles Clippers,116,Sacramento Kings,109,,17583
934,Fri Mar 1 2019,10:30p,Milwaukee Bucks,131,Los Angeles Lakers,120,,18997
935,Sat Mar 2 2019,5:00p,Detroit Pistons,129,Cleveland Cavaliers,93,,19432
936,Sat Mar 2 2019,7:00p,Orlando Magic,117,Indiana Pacers,112,,17923
937,Sat Mar 2 2019,7:30p,Brooklyn Nets,88,Miami Heat,117,,19600
938,Sat Mar 2 2019,8:30p,Memphis Grizzlies,111,Dallas Mavericks,81,,20233
939,Sat Mar 2 2019,8:30p,Golden State Warriors,120,Philadelphia 76ers,117,,20624
940,Sat Mar 2 2019,8:30p,Oklahoma City Thunder,102,San Antonio Spurs,116,,18439
941,Sat Mar 2 2019,9:00p,New Orleans Pelicans,120,Denver Nuggets,112,,19978
942,Sat Mar 2 2019,9:00p,Los Angeles Lakers,109,Phoenix Suns,118,,18055
943,Sat Mar 2 2019,9:00p,Milwaukee Bucks,111,Utah Jazz,115,,18306
944,Sun Mar 3 2019,1:00p,Portland Trail Blazers,118,Charlotte Hornets,108,,18355
945,Sun Mar 3 2019,3:30p,Houston Rockets,115,Boston Celtics,104,,18624
946,Sun Mar 3 2019,3:30p,Atlanta Hawks,123,Chicago Bulls,118,,20526
947,Sun Mar 3 2019,3:30p,New York Knicks,107,Los Angeles Clippers,128,,19068
948,Sun Mar 3 2019,6:00p,Orlando Magic,93,Cleveland Cavaliers,107,,19432
949,Sun Mar 3 2019,6:00p,Toronto Raptors,107,Detroit Pistons,112,OT,19161
950,Sun Mar 3 2019,6:00p,Minnesota Timberwolves,121,Washington Wizards,135,,17869
951,Sun Mar 3 2019,7:00p,Memphis Grizzlies,95,Oklahoma City Thunder,99,,18203
952,Mon Mar 4 2019,7:30p,Dallas Mavericks,88,Brooklyn Nets,127,,17064
953,Mon Mar 4 2019,7:30p,Atlanta Hawks,113,Miami Heat,114,,19600
954,Mon Mar 4 2019,8:30p,Denver Nuggets,103,San Antonio Spurs,104,,18354
955,Mon Mar 4 2019,9:00p,Milwaukee Bucks,105,Phoenix Suns,114,,18055
956,Mon Mar 4 2019,9:00p,New Orleans Pelicans,115,Utah Jazz,112,,18306
957,Mon Mar 4 2019,10:00p,New York Knicks,108,Sacramento Kings,115,,17034
958,Mon Mar 4 2019,10:30p,Los Angeles Clippers,113,Los Angeles Lakers,105,,18997
959,Tue Mar 5 2019,7:00p,Chicago Bulls,96,Indiana Pacers,105,,15753
960,Tue Mar 5 2019,7:00p,Orlando Magic,106,Philadelphia 76ers,114,,20379
961,Tue Mar 5 2019,8:00p,Portland Trail Blazers,111,Memphis Grizzlies,120,,13801
962,Tue Mar 5 2019,8:00p,Oklahoma City Thunder,120,Minnesota Timberwolves,131,,15728
963,Tue Mar 5 2019,8:00p,Houston Rockets,107,Toronto Raptors,95,,19800
964,Tue Mar 5 2019,10:30p,Boston Celtics,128,Golden State Warriors,95,,19596
965,Wed Mar 6 2019,7:00p,Miami Heat,91,Charlotte Hornets,84,,18137
966,Wed Mar 6 2019,7:00p,Minnesota Timberwolves,114,Detroit Pistons,131,,15240
967,Wed Mar 6 2019,7:00p,Dallas Mavericks,123,Washington Wizards,132,,16867
968,Wed Mar 6 2019,7:30p,San Antonio Spurs,111,Atlanta Hawks,104,,15208
969,Wed Mar 6 2019,7:30p,Cleveland Cavaliers,107,Brooklyn Nets,113,,14177
970,Wed Mar 6 2019,8:00p,Philadelphia 76ers,107,Chicago Bulls,108,,19927
971,Wed Mar 6 2019,8:00p,Utah Jazz,114,New Orleans Pelicans,104,,14681
972,Wed Mar 6 2019,9:00p,New York Knicks,96,Phoenix Suns,107,,14427
973,Wed Mar 6 2019,10:00p,Boston Celtics,111,Sacramento Kings,109,,17583
974,Wed Mar 6 2019,10:30p,Denver Nuggets,115,Los Angeles Lakers,99,,18997
975,Thu Mar 7 2019,8:00p,Indiana Pacers,98,Milwaukee Bucks,117,,17884
976,Thu Mar 7 2019,10:30p,Oklahoma City Thunder,129,Portland Trail Blazers,121,OT,20037
977,Fri Mar 8 2019,7:00p,Washington Wizards,111,Charlotte Hornets,112,,18144
978,Fri Mar 8 2019,7:00p,Dallas Mavericks,106,Orlando Magic,111,,19196
979,Fri Mar 8 2019,8:00p,Detroit Pistons,112,Chicago Bulls,104,,21048
980,Fri Mar 8 2019,8:00p,Philadelphia 76ers,91,Houston Rockets,107,,18055
981,Fri Mar 8 2019,8:00p,Utah Jazz,104,Memphis Grizzlies,114,,15407
982,Fri Mar 8 2019,8:00p,Cleveland Cavaliers,110,Miami Heat,126,,19600
983,Fri Mar 8 2019,8:00p,Toronto Raptors,127,New Orleans Pelicans,104,,17325
984,Fri Mar 8 2019,10:30p,Denver Nuggets,105,Golden State Warriors,122,,19596
985,Fri Mar 8 2019,10:30p,Oklahoma City Thunder,110,Los Angeles Clippers,118,,17915
986,Sat Mar 9 2019,12:00p,Sacramento Kings,102,New York Knicks,94,,19812
987,Sat Mar 9 2019,7:00p,Brooklyn Nets,114,Atlanta Hawks,112,,16527
988,Sat Mar 9 2019,8:00p,Washington Wizards,130,Minnesota Timberwolves,135,OT,14381
989,Sat Mar 9 2019,8:30p,Boston Celtics,120,Los Angeles Lakers,107,,18997
990,Sat Mar 9 2019,9:00p,Charlotte Hornets,114,Milwaukee Bucks,131,,17996
991,Sat Mar 9 2019,10:00p,Phoenix Suns,120,Portland Trail Blazers,127,,19851
992,Sun Mar 10 2019,12:00p,Chicago Bulls,108,Detroit Pistons,131,,19356
993,Sun Mar 10 2019,3:30p,Toronto Raptors,125,Miami Heat,104,,19600
994,Sun Mar 10 2019,3:30p,Indiana Pacers,89,Philadelphia 76ers,106,,20636
995,Sun Mar 10 2019,6:00p,New Orleans Pelicans,116,Atlanta Hawks,128,,14337
996,Sun Mar 10 2019,6:00p,Orlando Magic,97,Memphis Grizzlies,105,,16627
997,Sun Mar 10 2019,7:00p,Houston Rockets,94,Dallas Mavericks,93,,20423
998,Sun Mar 10 2019,8:00p,New York Knicks,92,Minnesota Timberwolves,103,,13806
999,Sun Mar 10 2019,8:00p,Milwaukee Bucks,114,San Antonio Spurs,121,,18594
1000,Sun Mar 10 2019,8:30p,Phoenix Suns,115,Golden State Warriors,111,,19596
1001,Mon Mar 11 2019,7:00p,Toronto Raptors,101,Cleveland Cavaliers,126,,19432
1002,Mon Mar 11 2019,7:00p,Sacramento Kings,115,Washington Wizards,121,,15012
1003,Mon Mar 11 2019,7:30p,Detroit Pistons,75,Brooklyn Nets,103,,17732
1004,Mon Mar 11 2019,8:00p,Charlotte Hornets,106,Houston Rockets,118,,18055
1005,Mon Mar 11 2019,9:00p,Oklahoma City Thunder,98,Utah Jazz,89,,18306
1006,Mon Mar 11 2019,10:30p,Boston Celtics,115,Los Angeles Clippers,140,,19068
1007,Tue Mar 12 2019,7:00p,New York Knicks,98,Indiana Pacers,103,,16679
1008,Tue Mar 12 2019,7:00p,Cleveland Cavaliers,99,Philadelphia 76ers,106,,20420
1009,Tue Mar 12 2019,8:00p,Los Angeles Lakers,123,Chicago Bulls,107,,21359
1010,Tue Mar 12 2019,8:00p,San Antonio Spurs,112,Dallas Mavericks,105,,20366
1011,Tue Mar 12 2019,8:00p,Milwaukee Bucks,130,New Orleans Pelicans,113,,15562
1012,Tue Mar 12 2019,10:30p,Minnesota Timberwolves,107,Denver Nuggets,133,,16874
1013,Tue Mar 12 2019,10:30p,Portland Trail Blazers,125,Los Angeles Clippers,104,,16686
1014,Wed Mar 13 2019,7:00p,Brooklyn Nets,96,Oklahoma City Thunder,108,,18203
1015,Wed Mar 13 2019,7:00p,Orlando Magic,90,Washington Wizards,100,,15107
1016,Wed Mar 13 2019,7:30p,Memphis Grizzlies,111,Atlanta Hawks,132,,15169
1017,Wed Mar 13 2019,7:30p,Detroit Pistons,74,Miami Heat,108,,19600
1018,Wed Mar 13 2019,9:30p,Golden State Warriors,106,Houston Rockets,104,,18122
1019,Wed Mar 13 2019,10:00p,Utah Jazz,114,Phoenix Suns,97,,18055
1020,Thu Mar 14 2019,7:00p,Oklahoma City Thunder,106,Indiana Pacers,108,,16656
1021,Thu Mar 14 2019,7:00p,Cleveland Cavaliers,91,Orlando Magic,120,,18091
1022,Thu Mar 14 2019,7:30p,Sacramento Kings,120,Boston Celtics,126,,18624
1023,Thu Mar 14 2019,8:00p,Los Angeles Lakers,98,Toronto Raptors,111,,19962
1024,Thu Mar 14 2019,9:00p,Minnesota Timberwolves,100,Utah Jazz,120,,18306
1025,Thu Mar 14 2019,10:30p,Dallas Mavericks,99,Denver Nuggets,100,,19520
1026,Fri Mar 15 2019,7:00p,Los Angeles Lakers,97,Detroit Pistons,111,,20768
1027,Fri Mar 15 2019,7:00p,Sacramento Kings,114,Philadelphia 76ers,123,,20704
1028,Fri Mar 15 2019,7:00p,Charlotte Hornets,116,Washington Wizards,110,,19520
1029,Fri Mar 15 2019,8:00p,Phoenix Suns,102,Houston Rockets,108,,18055
1030,Fri Mar 15 2019,8:00p,Milwaukee Bucks,113,Miami Heat,98,,19600
1031,Fri Mar 15 2019,8:00p,Portland Trail Blazers,122,New Orleans Pelicans,110,,16117
1032,Fri Mar 15 2019,8:30p,New York Knicks,83,San Antonio Spurs,109,,18354
1033,Fri Mar 15 2019,10:30p,Chicago Bulls,121,Los Angeles Clippers,128,,17404
1034,Sat Mar 16 2019,12:30p,Atlanta Hawks,120,Boston Celtics,129,,18624
1035,Sat Mar 16 2019,7:00p,Phoenix Suns,138,New Orleans Pelicans,136,OT,17641
1036,Sat Mar 16 2019,7:00p,Memphis Grizzlies,128,Washington Wizards,135,,19750
1037,Sat Mar 16 2019,8:30p,Cleveland Cavaliers,116,Dallas Mavericks,121,,20347
1038,Sat Mar 16 2019,8:30p,Golden State Warriors,110,Oklahoma City Thunder,88,,18203
1039,Sat Mar 16 2019,8:30p,Portland Trail Blazers,103,San Antonio Spurs,108,,18354
1040,Sat Mar 16 2019,9:00p,Indiana Pacers,100,Denver Nuggets,102,,19856
1041,Sat Mar 16 2019,9:00p,Brooklyn Nets,98,Utah Jazz,114,,18306
1042,Sun Mar 17 2019,12:00p,Los Angeles Lakers,123,New York Knicks,124,,19812
1043,Sun Mar 17 2019,1:00p,Charlotte Hornets,75,Miami Heat,93,,19600
1044,Sun Mar 17 2019,3:30p,Philadelphia 76ers,130,Milwaukee Bucks,125,,18148
1045,Sun Mar 17 2019,4:00p,Toronto Raptors,107,Detroit Pistons,110,,19277
1046,Sun Mar 17 2019,6:00p,Atlanta Hawks,91,Orlando Magic,101,,18045
1047,Sun Mar 17 2019,6:00p,Chicago Bulls,102,Sacramento Kings,129,,17583
1048,Sun Mar 17 2019,9:00p,Minnesota Timberwolves,102,Houston Rockets,117,,18055
1049,Sun Mar 17 2019,9:00p,Brooklyn Nets,116,Los Angeles Clippers,119,,17247
1050,Mon Mar 18 2019,7:00p,Detroit Pistons,119,Cleveland Cavaliers,126,,18465
1051,Mon Mar 18 2019,7:00p,Utah Jazz,116,Washington Wizards,95,,15637
1052,Mon Mar 18 2019,7:30p,Denver Nuggets,114,Boston Celtics,105,,18624
1053,Mon Mar 18 2019,7:30p,New York Knicks,92,Toronto Raptors,128,,19800
1054,Mon Mar 18 2019,8:00p,Miami Heat,116,Oklahoma City Thunder,107,,18203
1055,Mon Mar 18 2019,8:00p,Golden State Warriors,105,San Antonio Spurs,111,,18354
1056,Mon Mar 18 2019,8:30p,New Orleans Pelicans,129,Dallas Mavericks,125,OT,20276
1057,Mon Mar 18 2019,10:00p,Chicago Bulls,116,Phoenix Suns,101,,15879
1058,Mon Mar 18 2019,10:30p,Indiana Pacers,98,Portland Trail Blazers,106,,19393
1059,Tue Mar 19 2019,7:00p,Philadelphia 76ers,118,Charlotte Hornets,114,,16411
1060,Tue Mar 19 2019,7:30p,Houston Rockets,121,Atlanta Hawks,105,,16293
1061,Tue Mar 19 2019,8:00p,Los Angeles Lakers,101,Milwaukee Bucks,115,,17879
1062,Tue Mar 19 2019,8:00p,Golden State Warriors,117,Minnesota Timberwolves,107,,17964
1063,Tue Mar 19 2019,10:00p,Brooklyn Nets,123,Sacramento Kings,121,,17583
1064,Tue Mar 19 2019,10:30p,Indiana Pacers,109,Los Angeles Clippers,115,,16043
1065,Wed Mar 20 2019,7:00p,Milwaukee Bucks,102,Cleveland Cavaliers,107,,19432
1066,Wed Mar 20 2019,7:00p,New Orleans Pelicans,96,Orlando Magic,119,,17005
1067,Wed Mar 20 2019,7:00p,Boston Celtics,115,Philadelphia 76ers,118,,20606
1068,Wed Mar 20 2019,7:30p,Utah Jazz,137,New York Knicks,116,,18530
1069,Wed Mar 20 2019,8:00p,Washington Wizards,120,Chicago Bulls,126,OT,19470
1070,Wed Mar 20 2019,8:00p,Houston Rockets,125,Memphis Grizzlies,126,OT,16691
1071,Wed Mar 20 2019,8:30p,Miami Heat,110,San Antonio Spurs,105,,18354
1072,Wed Mar 20 2019,9:30p,Toronto Raptors,123,Oklahoma City Thunder,114,OT,18203
1073,Wed Mar 20 2019,10:00p,Dallas Mavericks,118,Portland Trail Blazers,126,,19803
1074,Thu Mar 21 2019,7:00p,Minnesota Timberwolves,106,Charlotte Hornets,113,,15576
1075,Thu Mar 21 2019,7:00p,Denver Nuggets,113,Washington Wizards,108,,15986
1076,Thu Mar 21 2019,7:30p,Utah Jazz,114,Atlanta Hawks,117,,15569
1077,Thu Mar 21 2019,10:00p,Detroit Pistons,118,Phoenix Suns,98,,16066
1078,Thu Mar 21 2019,10:00p,Dallas Mavericks,100,Sacramento Kings,116,,17583
1079,Thu Mar 21 2019,10:30p,Indiana Pacers,89,Golden State Warriors,112,,19596
1080,Fri Mar 22 2019,7:00p,Memphis Grizzlies,119,Orlando Magic,123,OT,18025
1081,Fri Mar 22 2019,7:30p,Los Angeles Clippers,110,Cleveland Cavaliers,108,,19432
1082,Fri Mar 22 2019,7:30p,Denver Nuggets,111,New York Knicks,93,,19290
1083,Fri Mar 22 2019,7:30p,Oklahoma City Thunder,116,Toronto Raptors,109,,20014
1084,Fri Mar 22 2019,8:00p,San Antonio Spurs,105,Houston Rockets,111,,18055
1085,Fri Mar 22 2019,8:30p,Miami Heat,87,Milwaukee Bucks,116,,18094
1086,Fri Mar 22 2019,10:30p,Brooklyn Nets,111,Los Angeles Lakers,106,,18997
1087,Sat Mar 23 2019,6:00p,Boston Celtics,117,Charlotte Hornets,124,,19438
1088,Sat Mar 23 2019,7:00p,Miami Heat,113,Washington Wizards,108,,20409
1089,Sat Mar 23 2019,7:30p,Philadelphia 76ers,127,Atlanta Hawks,129,,16640
1090,Sat Mar 23 2019,8:00p,Utah Jazz,114,Chicago Bulls,83,,20506
1091,Sat Mar 23 2019,8:00p,Minnesota Timberwolves,112,Memphis Grizzlies,99,,16977
1092,Sat Mar 23 2019,8:30p,Dallas Mavericks,126,Golden State Warriors,91,,19596
1093,Sat Mar 23 2019,10:00p,Detroit Pistons,112,Portland Trail Blazers,117,,19815
1094,Sat Mar 23 2019,10:00p,Phoenix Suns,103,Sacramento Kings,112,,17583
1095,Sun Mar 24 2019,12:00p,Los Angeles Clippers,124,New York Knicks,113,,18263
1096,Sun Mar 24 2019,4:30p,Cleveland Cavaliers,105,Milwaukee Bucks,127,,17930
1097,Sun Mar 24 2019,5:00p,Denver Nuggets,88,Indiana Pacers,124,,17923
1098,Sun Mar 24 2019,6:00p,Charlotte Hornets,115,Toronto Raptors,114,,19800
1099,Sun Mar 24 2019,7:00p,Houston Rockets,113,New Orleans Pelicans,90,,17048
1100,Sun Mar 24 2019,7:30p,San Antonio Spurs,115,Boston Celtics,96,,18624
1101,Sun Mar 24 2019,8:30p,Detroit Pistons,114,Golden State Warriors,121,,19596
1102,Sun Mar 24 2019,9:30p,Sacramento Kings,106,Los Angeles Lakers,111,,18997
1103,Mon Mar 25 2019,7:00p,Philadelphia 76ers,98,Orlando Magic,119,,16848
1104,Mon Mar 25 2019,8:00p,Oklahoma City Thunder,103,Memphis Grizzlies,115,,15144
1105,Mon Mar 25 2019,9:00p,Phoenix Suns,92,Utah Jazz,125,,18306
1106,Mon Mar 25 2019,10:00p,Brooklyn Nets,144,Portland Trail Blazers,148,2OT,20188
1107,Tue Mar 26 2019,7:00p,San Antonio Spurs,116,Charlotte Hornets,125,OT,14227
1108,Tue Mar 26 2019,7:00p,Boston Celtics,116,Cleveland Cavaliers,106,,19432
1109,Tue Mar 26 2019,7:30p,Orlando Magic,104,Miami Heat,99,,19704
1110,Tue Mar 26 2019,7:30p,Chicago Bulls,103,Toronto Raptors,112,,19800
1111,Tue Mar 26 2019,8:00p,Houston Rockets,94,Milwaukee Bucks,108,,17910
1112,Tue Mar 26 2019,8:00p,Los Angeles Clippers,122,Minnesota Timberwolves,111,,13176
1113,Tue Mar 26 2019,8:00p,Atlanta Hawks,130,New Orleans Pelicans,120,,14751
1114,Tue Mar 26 2019,8:30p,Sacramento Kings,125,Dallas Mavericks,121,,20168
1115,Tue Mar 26 2019,9:00p,Detroit Pistons,92,Denver Nuggets,95,,19520
1116,Tue Mar 26 2019,10:30p,Washington Wizards,106,Los Angeles Lakers,124,,18997
1117,Wed Mar 27 2019,8:00p,Portland Trail Blazers,118,Chicago Bulls,98,,20227
1118,Wed Mar 27 2019,8:00p,Golden State Warriors,118,Memphis Grizzlies,103,,17794
1119,Wed Mar 27 2019,8:00p,Indiana Pacers,99,Oklahoma City Thunder,107,,18203
1120,Wed Mar 27 2019,10:00p,Washington Wizards,124,Phoenix Suns,121,,16004
1121,Wed Mar 27 2019,10:30p,Los Angeles Lakers,100,Utah Jazz,115,,18306
1122,Thu Mar 28 2019,7:00p,Orlando Magic,98,Detroit Pistons,115,,18128
1123,Thu Mar 28 2019,7:00p,Brooklyn Nets,110,Philadelphia 76ers,123,,20547
1124,Thu Mar 28 2019,7:30p,Dallas Mavericks,99,Miami Heat,105,,19851
1125,Thu Mar 28 2019,7:30p,Toronto Raptors,117,New York Knicks,92,,19812
1126,Thu Mar 28 2019,8:00p,Denver Nuggets,85,Houston Rockets,112,,18055
1127,Thu Mar 28 2019,8:00p,Los Angeles Clippers,118,Milwaukee Bucks,128,,17922
1128,Thu Mar 28 2019,8:00p,Sacramento Kings,118,New Orleans Pelicans,121,,13976
1129,Thu Mar 28 2019,8:30p,Cleveland Cavaliers,110,San Antonio Spurs,116,,18756
1130,Fri Mar 29 2019,7:00p,Indiana Pacers,112,Boston Celtics,114,,18624
1131,Fri Mar 29 2019,7:30p,Portland Trail Blazers,118,Atlanta Hawks,98,,16182
1132,Fri Mar 29 2019,8:00p,Golden State Warriors,130,Minnesota Timberwolves,131,OT,18978
1133,Fri Mar 29 2019,8:00p,Denver Nuggets,115,Oklahoma City Thunder,105,,18203
1134,Fri Mar 29 2019,9:00p,Washington Wizards,124,Utah Jazz,128,,18306
1135,Fri Mar 29 2019,10:30p,Charlotte Hornets,115,Los Angeles Lakers,129,,18997
1136,Sat Mar 30 2019,3:30p,Cleveland Cavaliers,108,Los Angeles Clippers,132,,16439
1137,Sat Mar 30 2019,6:00p,Boston Celtics,96,Brooklyn Nets,110,,17732
1138,Sat Mar 30 2019,6:00p,Sacramento Kings,108,Houston Rockets,119,,18055
1139,Sat Mar 30 2019,7:00p,Portland Trail Blazers,90,Detroit Pistons,99,,18592
1140,Sat Mar 30 2019,7:00p,Orlando Magic,121,Indiana Pacers,116,,17923
1141,Sat Mar 30 2019,7:30p,Miami Heat,100,New York Knicks,92,,19812
1142,Sat Mar 30 2019,8:00p,Toronto Raptors,124,Chicago Bulls,101,,21238
1143,Sat Mar 30 2019,8:00p,Philadelphia 76ers,118,Minnesota Timberwolves,109,,18978
1144,Sat Mar 30 2019,10:00p,Memphis Grizzlies,120,Phoenix Suns,115,,16647
1145,Sun Mar 31 2019,12:30p,Milwaukee Bucks,135,Atlanta Hawks,136,OT,16660
1146,Sun Mar 31 2019,3:30p,Dallas Mavericks,106,Oklahoma City Thunder,103,,18203
1147,Sun Mar 31 2019,6:00p,Los Angeles Lakers,130,New Orleans Pelicans,102,,18562
1148,Sun Mar 31 2019,7:00p,Sacramento Kings,113,San Antonio Spurs,106,,18407
1149,Sun Mar 31 2019,8:00p,Washington Wizards,95,Denver Nuggets,90,,17356
1150,Sun Mar 31 2019,8:30p,Charlotte Hornets,90,Golden State Warriors,137,,19596
1151,Sun Mar 31 2019,10:30p,Memphis Grizzlies,96,Los Angeles Clippers,113,,16740
1152,Mon Apr 1 2019,7:00p,Detroit Pistons,102,Indiana Pacers,111,,15760
1153,Mon Apr 1 2019,7:30p,Miami Heat,105,Boston Celtics,110,,18624
1154,Mon Apr 1 2019,7:30p,Milwaukee Bucks,131,Brooklyn Nets,121,,17732
1155,Mon Apr 1 2019,7:30p,Chicago Bulls,105,New York Knicks,113,,18874
1156,Mon Apr 1 2019,7:30p,Orlando Magic,109,Toronto Raptors,121,,19800
1157,Mon Apr 1 2019,8:00p,Portland Trail Blazers,132,Minnesota Timberwolves,122,,11209
1158,Mon Apr 1 2019,8:30p,Philadelphia 76ers,102,Dallas Mavericks,122,,19645
1159,Mon Apr 1 2019,9:00p,Charlotte Hornets,102,Utah Jazz,111,,18306
1160,Mon Apr 1 2019,10:00p,Cleveland Cavaliers,113,Phoenix Suns,122,,14050
1161,Tue Apr 2 2019,8:00p,Los Angeles Lakers,103,Oklahoma City Thunder,119,,18203
1162,Tue Apr 2 2019,8:30p,Atlanta Hawks,111,San Antonio Spurs,117,,18354
1163,Tue Apr 2 2019,10:00p,Houston Rockets,130,Sacramento Kings,105,,17583
1164,Tue Apr 2 2019,10:30p,Denver Nuggets,102,Golden State Warriors,116,,19596
1165,Wed Apr 3 2019,7:00p,Indiana Pacers,108,Detroit Pistons,89,,18984
1166,Wed Apr 3 2019,7:00p,New York Knicks,100,Orlando Magic,114,,18846
1167,Wed Apr 3 2019,7:00p,Chicago Bulls,115,Washington Wizards,114,,16616
1168,Wed Apr 3 2019,7:30p,Philadelphia 76ers,122,Atlanta Hawks,130,,16638
1169,Wed Apr 3 2019,7:30p,Toronto Raptors,115,Brooklyn Nets,105,,17732
1170,Wed Apr 3 2019,7:30p,Boston Celtics,112,Miami Heat,102,,19904
1171,Wed Apr 3 2019,8:00p,Charlotte Hornets,115,New Orleans Pelicans,109,,16844
1172,Wed Apr 3 2019,8:30p,Minnesota Timberwolves,110,Dallas Mavericks,108,,19576
1173,Wed Apr 3 2019,9:00p,San Antonio Spurs,85,Denver Nuggets,113,,17643
1174,Wed Apr 3 2019,10:00p,Utah Jazz,118,Phoenix Suns,97,,15797
1175,Wed Apr 3 2019,10:00p,Memphis Grizzlies,89,Portland Trail Blazers,116,,19608
1176,Wed Apr 3 2019,10:30p,Houston Rockets,135,Los Angeles Clippers,103,,17593
1177,Thu Apr 4 2019,8:00p,Milwaukee Bucks,128,Philadelphia 76ers,122,,20701
1178,Thu Apr 4 2019,10:00p,Cleveland Cavaliers,104,Sacramento Kings,117,,17583
1179,Thu Apr 4 2019,10:30p,Golden State Warriors,108,Los Angeles Lakers,90,,18997
1180,Fri Apr 5 2019,7:00p,Toronto Raptors,111,Charlotte Hornets,113,,18684
1181,Fri Apr 5 2019,7:00p,Atlanta Hawks,113,Orlando Magic,149,,18999
1182,Fri Apr 5 2019,7:00p,San Antonio Spurs,129,Washington Wizards,112,,20409
1183,Fri Apr 5 2019,8:00p,New York Knicks,96,Houston Rockets,120,,18055
1184,Fri Apr 5 2019,8:00p,Boston Celtics,117,Indiana Pacers,97,,17371
1185,Fri Apr 5 2019,8:00p,Miami Heat,109,Minnesota Timberwolves,111,,17763
1186,Fri Apr 5 2019,8:00p,Detroit Pistons,110,Oklahoma City Thunder,123,,18203
1187,Fri Apr 5 2019,8:30p,Memphis Grizzlies,122,Dallas Mavericks,112,,20111
1188,Fri Apr 5 2019,9:00p,Sacramento Kings,98,Utah Jazz,119,,18306
1189,Fri Apr 5 2019,10:00p,New Orleans Pelicans,126,Phoenix Suns,133,OT,16410
1190,Fri Apr 5 2019,10:30p,Portland Trail Blazers,110,Denver Nuggets,119,,19928
1191,Fri Apr 5 2019,10:30p,Cleveland Cavaliers,114,Golden State Warriors,120,,19596
1192,Fri Apr 5 2019,10:30p,Los Angeles Lakers,122,Los Angeles Clippers,117,,17910
1193,Sat Apr 6 2019,5:00p,Brooklyn Nets,133,Milwaukee Bucks,128,,18116
1194,Sat Apr 6 2019,8:00p,Philadelphia 76ers,116,Chicago Bulls,96,,21059
1195,Sun Apr 7 2019,12:00p,Miami Heat,109,Toronto Raptors,117,OT,19800
1196,Sun Apr 7 2019,3:00p,San Antonio Spurs,112,Cleveland Cavaliers,90,,19432
1197,Sun Apr 7 2019,3:30p,Oklahoma City Thunder,132,Minnesota Timberwolves,126,,18978
1198,Sun Apr 7 2019,4:00p,Charlotte Hornets,104,Detroit Pistons,91,,19871
1199,Sun Apr 7 2019,5:00p,Brooklyn Nets,108,Indiana Pacers,96,,16197
1200,Sun Apr 7 2019,6:00p,Dallas Mavericks,129,Memphis Grizzlies,127,OT,16744
1201,Sun Apr 7 2019,7:00p,Phoenix Suns,113,Houston Rockets,149,,18055
1202,Sun Apr 7 2019,7:00p,Atlanta Hawks,107,Milwaukee Bucks,115,,17775
1203,Sun Apr 7 2019,7:30p,Orlando Magic,116,Boston Celtics,108,,18624
1204,Sun Apr 7 2019,7:30p,Washington Wizards,110,New York Knicks,113,,19812
1205,Sun Apr 7 2019,8:30p,Los Angeles Clippers,104,Golden State Warriors,131,,19596
1206,Sun Apr 7 2019,9:00p,Denver Nuggets,108,Portland Trail Blazers,115,,19890
1207,Sun Apr 7 2019,9:00p,New Orleans Pelicans,133,Sacramento Kings,129,,17583
1208,Sun Apr 7 2019,9:30p,Utah Jazz,109,Los Angeles Lakers,113,,18997
1209,Tue Apr 9 2019,7:00p,Charlotte Hornets,124,Cleveland Cavaliers,97,,19432
1210,Tue Apr 9 2019,7:00p,Memphis Grizzlies,93,Detroit Pistons,100,,19802
1211,Tue Apr 9 2019,7:00p,Boston Celtics,116,Washington Wizards,110,,20409
1212,Tue Apr 9 2019,7:30p,Philadelphia 76ers,99,Miami Heat,122,,20153
1213,Tue Apr 9 2019,8:00p,New York Knicks,96,Chicago Bulls,86,,21350
1214,Tue Apr 9 2019,8:00p,Toronto Raptors,120,Minnesota Timberwolves,100,,16119
1215,Tue Apr 9 2019,8:00p,Golden State Warriors,112,New Orleans Pelicans,103,,17090
1216,Tue Apr 9 2019,8:30p,Phoenix Suns,109,Dallas Mavericks,120,,21041
1217,Tue Apr 9 2019,9:00p,Denver Nuggets,108,Utah Jazz,118,,18306
1218,Tue Apr 9 2019,9:30p,Houston Rockets,111,Oklahoma City Thunder,112,,18203
1219,Tue Apr 9 2019,10:30p,Portland Trail Blazers,104,Los Angeles Lakers,101,,18997
1220,Wed Apr 10 2019,8:00p,Indiana Pacers,135,Atlanta Hawks,134,,17143
1221,Wed Apr 10 2019,8:00p,Miami Heat,94,Brooklyn Nets,113,,17732
1222,Wed Apr 10 2019,8:00p,Orlando Magic,122,Charlotte Hornets,114,,17719
1223,Wed Apr 10 2019,8:00p,Golden State Warriors,117,Memphis Grizzlies,132,,17794
1224,Wed Apr 10 2019,8:00p,Oklahoma City Thunder,127,Milwaukee Bucks,116,,18082
1225,Wed Apr 10 2019,8:00p,Detroit Pistons,115,New York Knicks,89,,19812
1226,Wed Apr 10 2019,8:00p,Chicago Bulls,109,Philadelphia 76ers,125,,20197
1227,Wed Apr 10 2019,8:00p,Dallas Mavericks,94,San Antonio Spurs,105,,18629
1228,Wed Apr 10 2019,10:30p,Minnesota Timberwolves,95,Denver Nuggets,99,,16332
1229,Wed Apr 10 2019,10:30p,Utah Jazz,137,Los Angeles Clippers,143,OT,17655
1230,Wed Apr 10 2019,10:30p,Sacramento Kings,131,Portland Trail Blazers,136,,19814
1231,Sat Apr 13 2019,2:30p,Brooklyn Nets,111,Philadelphia 76ers,102,,20437
1232,Sat Apr 13 2019,5:00p,Orlando Magic,104,Toronto Raptors,101,,19937
1233,Sat Apr 13 2019,8:00p,Los Angeles Clippers,104,Golden State Warriors,121,,19596
1234,Sat Apr 13 2019,10:30p,San Antonio Spurs,101,Denver Nuggets,96,,19520
1235,Sun Apr 14 2019,1:00p,Indiana Pacers,74,Boston Celtics,84,,18624
1236,Sun Apr 14 2019,3:30p,Oklahoma City Thunder,99,Portland Trail Blazers,104,,19886
1237,Sun Apr 14 2019,7:00p,Detroit Pistons,86,Milwaukee Bucks,121,,17529
1238,Sun Apr 14 2019,9:30p,Utah Jazz,90,Houston Rockets,122,,18055
1239,Mon Apr 15 2019,8:00p,Brooklyn Nets,123,Philadelphia 76ers,145,,20591
1240,Mon Apr 15 2019,10:30p,Los Angeles Clippers,135,Golden State Warriors,131,,19596
1241,Tue Apr 16 2019,8:00p,Orlando Magic,82,Toronto Raptors,111,,19964
1242,Tue Apr 16 2019,9:00p,San Antonio Spurs,105,Denver Nuggets,114,,19520
1243,Tue Apr 16 2019,10:30p,Oklahoma City Thunder,94,Portland Trail Blazers,114,,20041
1244,Wed Apr 17 2019,7:00p,Indiana Pacers,91,Boston Celtics,99,,18624
1245,Wed Apr 17 2019,8:00p,Detroit Pistons,99,Milwaukee Bucks,120,,17513
1246,Wed Apr 17 2019,9:30p,Utah Jazz,98,Houston Rockets,118,,18055
1247,Thu Apr 18 2019,8:00p,Philadelphia 76ers,131,Brooklyn Nets,115,,17732
1248,Thu Apr 18 2019,9:00p,Denver Nuggets,108,San Antonio Spurs,118,,18354
1249,Thu Apr 18 2019,10:30p,Golden State Warriors,132,Los Angeles Clippers,105,,19068
1250,Fri Apr 19 2019,7:00p,Toronto Raptors,98,Orlando Magic,93,,19367
1251,Fri Apr 19 2019,8:30p,Boston Celtics,104,Indiana Pacers,96,,17923
1252,Fri Apr 19 2019,9:30p,Portland Trail Blazers,108,Oklahoma City Thunder,120,,18203
1253,Sat Apr 20 2019,3:00p,Philadelphia 76ers,112,Brooklyn Nets,108,,17732
1254,Sat Apr 20 2019,5:30p,Denver Nuggets,117,San Antonio Spurs,103,,18354
1255,Sat Apr 20 2019,8:00p,Milwaukee Bucks,119,Detroit Pistons,103,,20520
1256,Sat Apr 20 2019,10:30p,Houston Rockets,104,Utah Jazz,101,,18306
1257,Sun Apr 21 2019,1:00p,Boston Celtics,110,Indiana Pacers,106,,17923
1258,Sun Apr 21 2019,3:30p,Golden State Warriors,113,Los Angeles Clippers,105,,19068
1259,Sun Apr 21 2019,7:00p,Toronto Raptors,107,Orlando Magic,85,,19087
1260,Sun Apr 21 2019,9:30p,Portland Trail Blazers,111,Oklahoma City Thunder,98,,18203
1261,Mon Apr 22 2019,8:00p,Milwaukee Bucks,127,Detroit Pistons,104,,20332
1262,Mon Apr 22 2019,10:30p,Houston Rockets,91,Utah Jazz,107,,18306
1263,Tue Apr 23 2019,7:00p,Orlando Magic,96,Toronto Raptors,115,,19800
1264,Tue Apr 23 2019,8:00p,Brooklyn Nets,100,Philadelphia 76ers,122,,20595
1265,Tue Apr 23 2019,9:30p,San Antonio Spurs,90,Denver Nuggets,108,,19520
1266,Tue Apr 23 2019,10:30p,Oklahoma City Thunder,115,Portland Trail Blazers,118,,20241
1267,Wed Apr 24 2019,8:00p,Utah Jazz,93,Houston Rockets,100,,18055
1268,Wed Apr 24 2019,10:30p,Los Angeles Clippers,129,Golden State Warriors,121,,19596
1269,Thu Apr 25 2019,8:00p,Denver Nuggets,103,San Antonio Spurs,120,,18354
1270,Fri Apr 26 2019,10:00p,Golden State Warriors,129,Los Angeles Clippers,110,,19068
1271,Sat Apr 27 2019,7:30p,Philadelphia 76ers,95,Toronto Raptors,108,,19800
1272,Sat Apr 27 2019,10:00p,San Antonio Spurs,86,Denver Nuggets,90,,19725
1273,Sun Apr 28 2019,1:00p,Boston Celtics,112,Milwaukee Bucks,90,,17561
1274,Sun Apr 28 2019,3:30p,Houston Rockets,100,Golden State Warriors,104,,19596
1275,Mon Apr 29 2019,8:00p,Philadelphia 76ers,94,Toronto Raptors,89,,19800
1276,Mon Apr 29 2019,10:30p,Portland Trail Blazers,113,Denver Nuggets,121,,19520
1277,Tue Apr 30 2019,8:00p,Boston Celtics,102,Milwaukee Bucks,123,,17536
1278,Tue Apr 30 2019,10:30p,Houston Rockets,109,Golden State Warriors,115,,19596
1279,Wed May 1 2019,9:00p,Portland Trail Blazers,97,Denver Nuggets,90,,19520
1280,Thu May 2 2019,8:00p,Toronto Raptors,95,Philadelphia 76ers,116,,20658
1281,Fri May 3 2019,8:00p,Milwaukee Bucks,123,Boston Celtics,116,,18624
1282,Fri May 3 2019,10:30p,Denver Nuggets,137,Portland Trail Blazers,140,4OT,20193
1283,Sat May 4 2019,8:30p,Golden State Warriors,121,Houston Rockets,126,OT,18169
1284,Sun May 5 2019,3:30p,Toronto Raptors,101,Philadelphia 76ers,96,,20639
1285,Sun May 5 2019,7:00p,Denver Nuggets,116,Portland Trail Blazers,112,,20146
1286,Mon May 6 2019,7:00p,Milwaukee Bucks,113,Boston Celtics,101,,18624
1287,Mon May 6 2019,9:30p,Golden State Warriors,108,Houston Rockets,112,,18055
1288,Tue May 7 2019,8:00p,Philadelphia 76ers,89,Toronto Raptors,125,,20287
1289,Tue May 7 2019,10:30p,Portland Trail Blazers,98,Denver Nuggets,124,,19520
1290,Wed May 8 2019,8:00p,Boston Celtics,91,Milwaukee Bucks,116,,17701
1291,Wed May 8 2019,10:30p,Houston Rockets,99,Golden State Warriors,104,,19596
1292,Thu May 9 2019,8:00p,Toronto Raptors,101,Philadelphia 76ers,112,,20525
1293,Thu May 9 2019,10:30p,Denver Nuggets,108,Portland Trail Blazers,119,,20022
1294,Fri May 10 2019,9:00p,Golden State Warriors,118,Houston Rockets,113,,18055
1295,Sun May 12 2019,3:30p,Portland Trail Blazers,100,Denver Nuggets,96,,19725
1296,Sun May 12 2019,7:00p,Philadelphia 76ers,90,Toronto Raptors,92,,20917
1297,Tue May 14 2019,9:00p,Portland Trail Blazers,94,Golden State Warriors,116,,19596
1298,Wed May 15 2019,8:30p,Toronto Raptors,100,Milwaukee Bucks,108,,17345
1299,Thu May 16 2019,9:00p,Portland Trail Blazers,111,Golden State Warriors,114,,19596
1300,Fri May 17 2019,8:30p,Toronto Raptors,103,Milwaukee Bucks,125,,17570
1301,Sat May 18 2019,9:00p,Golden State Warriors,110,Portland Trail Blazers,99,,20214
1302,Sun May 19 2019,7:00p,Milwaukee Bucks,112,Toronto Raptors,118,2OT,19923
1303,Mon May 20 2019,9:00p,Golden State Warriors,119,Portland Trail Blazers,117,OT,20064
1304,Tue May 21 2019,8:30p,Milwaukee Bucks,102,Toronto Raptors,120,,20237
1305,Thu May 23 2019,8:30p,Toronto Raptors,105,Milwaukee Bucks,99,,17384
1306,Sat May 25 2019,8:30p,Milwaukee Bucks,94,Toronto Raptors,100,,20478
1307,Thu May 30 2019,9:00p,Golden State Warriors,109,Toronto Raptors,118,,19983
1308,Sun Jun 2 2019,8:00p,Golden State Warriors,109,Toronto Raptors,104,NA,20014
1309,Wed Jun 5 2019,9:00p,Toronto Raptors,123,Golden State Warriors,109,NA,19596
1310,Fri Jun 7 2019,9:00p,Toronto Raptors,105,Golden State Warriors,92,NA,19596
1311,Mon Jun 10 2019,9:00p,Golden State Warriors,106,Toronto Raptors,105,NA,20144
1312,Thu Jun 13 2019,9:00p,Toronto Raptors,114,Golden State Warriors,110,NA,19596
